District,State,school_attendance,pop_under_15,sanitation,drinking_water,electricity,women_literacy,women_schooling,institutional_births,institutional_births_public,health_insurance,clean_fuel
Nicobars,Andaman & Nicobar Islands,78.01,22.98,83.45,98.81,97.90,87.54,53.53,97.81,96.65,2.65,56.93
North & Middle Andaman ,Andaman & Nicobar Islands,82.66,19.82,86.38,92.20,93.24,84.01,41.03,97.70,95.01,2.07,61.25
South Andaman ,Andaman & Nicobar Islands,84.68,20.95,89.33,97.94,99.58,86.67,57.50,99.46,83.83,1.15,91.92
Srikakulam ,Andhra Pradesh,59.99,20.71,71.58,87.73,99.91,64.32,42.51,97.94,52.20,75.63,74.70
Vizianagaram ,Andhra Pradesh,55.95,20.56,61.74,93.10,99.52,58.32,37.63,99.01,70.64,76.69,60.30
Visakhapatnam ,Andhra Pradesh,66.76,21.35,77.77,91.78,99.57,69.54,45.98,95.25,69.33,64.92,72.87
East Godavari ,Andhra Pradesh,75.39,20.45,77.73,97.88,98.82,77.87,43.21,96.63,45.99,66.36,80.34
West Godavari ,Andhra Pradesh,75.40,21.48,80.78,99.07,99.34,76.97,46.47,98.70,48.76,67.57,86.83
Krishna ,Andhra Pradesh,74.02,20.44,79.14,94.38,99.55,76.85,46.17,98.93,40.09,68.08,89.82
Guntur ,Andhra Pradesh,64.88,22.41,83.44,99.25,99.19,68.48,32.61,98.61,49.55,71.08,91.65
Prakasam ,Andhra Pradesh,58.13,23.08,78.43,98.57,99.27,62.83,34.54,97.40,18.11,67.58,90.78
Sri Potti Sriramulu Nello ,Andhra Pradesh,67.91,20.80,81.75,95.63,99.11,70.46,38.67,97.00,34.86,72.27,84.56
Y.S.R. ,Andhra Pradesh,61.90,24.10,85.35,99.85,99.75,63.76,39.95,99.43,40.73,73.34,94.25
Kurnool ,Andhra Pradesh,55.23,25.91,73.48,97.88,99.88,56.97,33.38,88.52,51.06,73.32,78.08
Anantapur ,Andhra Pradesh,59.45,24.26,71.25,98.80,99.61,63.55,31.25,94.70,60.30,73.24,86.42
Chittoor ,Andhra Pradesh,65.63,22.59,74.62,98.46,99.74,69.32,40.33,97.10,66.53,70.66,86.63
Tawang ,Arunachal Pradesh,59.32,27.33,81.70,99.77,99.72,59.08,39.24,84.18,83.84,33.50,88.10
West Kameng ,Arunachal Pradesh,73.01,21.68,88.88,99.76,97.50,73.69,43.58,93.57,92.03,38.29,88.93
East Kameng ,Arunachal Pradesh,63.05,31.23,75.55,93.58,86.28,62.16,31.84,75.96,74.18,25.05,49.47
Papum Pare ,Arunachal Pradesh,77.64,30.51,75.70,92.89,98.72,78.22,50.46,87.99,77.31,26.94,81.30
Upper Subansiri ,Arunachal Pradesh,61.35,27.31,80.93,94.73,86.96,64.31,31.80,76.95,76.24,21.49,32.77
Upper Siang ,Arunachal Pradesh,69.45,25.80,91.75,99.82,99.46,74.37,34.75,75.98,74.89,34.60,36.32
Changlang ,Arunachal Pradesh,74.62,28.70,82.30,81.80,95.15,77.60,30.51,75.05,69.29,40.54,34.08
Lower Subansiri ,Arunachal Pradesh,73.12,22.00,82.80,98.14,97.83,76.80,49.91,89.77,86.79,24.45,60.81
Dibang Valley ,Arunachal Pradesh,67.57,22.06,94.99,100.00,79.23,77.83,43.17,85.52,78.83,28.69,49.26
Lower Dibang Valley ,Arunachal Pradesh,76.81,24.52,89.88,99.52,84.39,81.56,51.89,90.12,86.78,36.79,57.38
Anjaw ,Arunachal Pradesh,61.52,23.18,86.82,86.61,96.39,67.89,28.81,77.95,76.91,17.47,29.01
East Siang ,Arunachal Pradesh,76.82,23.09,83.89,97.27,97.28,83.76,55.56,90.84,85.39,30.50,52.44
Kra Daadi ,Arunachal Pradesh,58.14,33.52,89.26,99.84,99.69,55.30,27.40,73.54,69.42,23.97,78.33
Kurung Kumey ,Arunachal Pradesh,72.57,30.96,78.33,99.79,99.20,76.45,34.66,69.16,64.24,13.43,57.28
Lohit ,Arunachal Pradesh,73.26,27.67,83.66,96.88,98.91,73.43,37.25,90.24,84.57,31.88,63.88
Longding ,Arunachal Pradesh,63.22,29.92,83.45,62.47,97.44,71.91,27.70,64.51,62.79,23.81,22.41
Namsai ,Arunachal Pradesh,72.14,30.30,75.11,93.53,96.45,67.14,22.19,63.60,60.33,30.86,28.70
Siang ,Arunachal Pradesh,78.59,21.84,91.20,96.29,99.63,87.36,50.58,81.10,79.02,26.11,27.60
Tirap ,Arunachal Pradesh,69.01,26.83,86.67,93.81,98.77,75.09,40.20,70.24,62.76,30.84,50.42
West Siang ,Arunachal Pradesh,73.60,23.69,87.74,99.06,88.21,77.92,46.29,84.57,79.77,26.56,57.13
Kokrajhar ,Assam,75.17,29.49,72.20,87.30,93.94,73.73,27.54,81.91,76.76,50.18,43.32
Goalpara ,Assam,78.50,29.98,75.31,90.73,89.56,74.06,23.38,92.34,87.22,71.13,36.26
Barpeta ,Assam,75.39,30.05,63.65,98.14,88.87,74.79,31.66,87.60,82.30,58.90,38.66
Morigaon ,Assam,79.10,32.11,62.34,94.59,89.48,78.68,24.45,88.30,82.82,62.52,37.56
Lakhimpur ,Assam,83.23,28.09,74.22,81.22,97.21,83.86,42.11,96.16,91.64,66.97,36.07
Dhemaji ,Assam,77.31,30.64,70.75,95.25,95.01,81.47,43.64,87.25,84.14,66.83,21.57
Tinsukia ,Assam,72.61,25.37,66.65,96.84,95.70,70.51,25.64,82.63,66.23,60.02,40.87
Dibrugarh ,Assam,79.51,24.03,75.28,98.06,94.38,76.58,33.65,93.09,71.64,58.82,44.74
Golaghat ,Assam,77.63,24.30,73.14,93.70,96.37,75.12,27.86,90.36,81.38,69.34,33.12
Dima Hasao ,Assam,85.10,27.70,83.79,50.15,95.87,87.71,42.36,89.54,84.61,61.87,48.18
Cachar ,Assam,80.49,30.89,57.64,43.79,81.73,77.18,25.83,79.20,74.91,57.87,42.96
Karimganj ,Assam,82.14,32.25,61.45,62.25,87.07,80.66,19.58,76.35,69.79,64.44,39.61
Hailakandi ,Assam,81.45,33.68,60.00,41.18,91.22,82.19,25.31,83.03,75.06,53.63,35.23
Bongaigaon ,Assam,77.04,28.93,72.48,95.33,96.96,75.76,28.60,84.53,74.92,57.60,49.84
Chirang ,Assam,71.45,27.97,77.08,92.12,97.75,71.47,23.03,83.65,71.06,61.49,44.45
Kamrup ,Assam,79.39,25.57,68.74,92.14,94.75,79.60,39.19,85.03,69.79,47.04,57.41
Kamrup Metropolitan ,Assam,87.46,19.96,65.18,87.21,99.24,86.01,49.05,89.11,55.71,45.50,85.06
Nalbari ,Assam,81.80,24.48,68.12,99.54,94.74,83.88,41.62,91.82,69.18,52.52,51.07
Baksa ,Assam,74.05,26.54,68.94,89.78,98.09,74.80,27.78,89.88,82.21,68.99,35.18
Darrang ,Assam,75.15,29.24,67.85,99.72,89.50,75.55,27.51,84.41,81.13,53.65,30.11
Udalguri ,Assam,70.64,27.20,73.82,82.32,95.53,70.02,23.82,86.15,78.47,70.57,34.02
Biswanath ,Assam,72.12,28.68,76.62,76.19,91.14,69.15,23.01,84.25,74.01,68.35,34.98
Charaideo ,Assam,75.00,25.80,75.93,96.40,91.65,71.93,26.16,88.21,76.68,64.90,27.30
Dhubri ,Assam,71.76,32.27,61.81,96.70,92.45,69.52,20.43,64.17,61.77,59.38,40.72
Hojai ,Assam,79.08,27.48,63.14,99.93,96.34,83.24,23.06,82.05,59.40,67.44,52.03
Jorhat ,Assam,84.43,21.58,80.36,85.92,95.05,85.09,42.94,96.49,74.86,60.05,48.31
Karbi Anglong ,Assam,76.35,29.92,75.16,79.57,97.02,78.78,30.26,74.87,69.21,54.09,33.39
Majuli ,Assam,78.44,26.22,65.62,98.62,93.48,83.36,41.71,90.29,85.78,60.82,19.33
Nagaon ,Assam,81.32,31.06,66.09,96.12,94.48,78.44,22.13,83.67,73.35,59.39,38.57
Sivasagar ,Assam,87.07,23.84,82.26,92.65,97.03,86.64,47.06,95.25,76.17,60.66,45.54
Sonitpur ,Assam,74.85,26.61,72.15,82.87,88.24,76.91,24.25,83.49,73.14,66.92,45.75
South Salmara Mancachar ,Assam,69.35,36.67,58.97,98.16,79.46,63.46,20.89,71.71,69.89,68.16,28.47
West Karbi Anglong ,Assam,73.76,31.65,76.67,44.69,94.73,73.89,21.69,72.51,68.88,63.07,17.67
Pashchim Champaran ,Bihar,59.75,36.52,43.27,99.74,93.45,52.53,21.56,79.45,60.61,19.96,31.42
Purba Champaran ,Bihar,58.20,39.96,48.33,99.87,94.84,50.15,20.09,61.51,42.99,19.38,44.17
Sheohar ,Bihar,56.23,36.19,57.91,100.00,97.63,52.50,20.99,74.27,63.83,18.12,31.30
Sitamarhi ,Bihar,59.14,38.20,50.65,99.65,93.07,51.74,19.17,64.36,49.86,20.70,40.48
Madhubani ,Bihar,55.57,34.69,38.21,100.00,98.59,53.15,26.48,73.72,52.38,19.15,39.96
Supaul ,Bihar,50.93,39.76,50.70,99.71,97.29,42.14,16.22,80.35,73.55,14.21,14.96
Araria ,Bihar,53.01,40.54,32.24,100.00,96.21,43.65,16.77,66.21,51.48,19.46,15.17
Kishanganj ,Bihar,55.98,39.94,52.37,100.00,95.78,48.03,14.99,54.63,41.46,8.05,15.25
Purnia ,Bihar,53.55,40.23,35.63,99.63,92.40,47.52,19.23,68.87,55.71,10.17,19.28
Katihar ,Bihar,57.51,38.95,44.55,99.16,92.04,49.69,19.83,66.87,59.91,8.37,16.93
Madhepura ,Bihar,58.01,38.32,34.64,99.25,96.96,47.63,23.23,74.95,68.83,9.54,13.35
Saharsa ,Bihar,50.16,38.83,40.52,100.00,97.19,43.13,20.94,70.39,61.95,12.82,25.19
Darbhanga ,Bihar,54.85,37.06,48.72,99.75,97.23,49.38,22.72,69.90,55.80,25.33,41.64
Muzaffarpur ,Bihar,65.09,34.90,55.18,99.89,96.58,62.99,33.78,72.51,51.30,13.22,41.54
Gopalganj ,Bihar,63.31,34.56,60.10,99.92,96.23,63.31,32.91,85.92,60.26,12.73,39.35
Siwan ,Bihar,70.69,31.54,47.71,99.81,95.29,70.90,38.85,86.36,65.30,8.20,48.04
Saran ,Bihar,64.77,35.26,37.15,99.74,93.62,65.56,35.54,72.97,57.17,9.41,36.83
Vaishali ,Bihar,64.51,34.69,52.60,99.19,96.45,62.41,33.96,81.58,63.10,13.49,40.91
Samastipur ,Bihar,60.91,37.82,48.77,98.58,95.73,54.25,26.48,83.38,71.92,19.04,36.11
Begusarai ,Bihar,64.99,36.41,62.23,99.05,96.17,62.31,34.07,85.99,63.61,13.23,45.23
Khagaria ,Bihar,60.58,41.25,65.03,98.80,94.48,51.82,26.63,74.15,63.99,15.61,33.16
Bhagalpur ,Bihar,65.07,35.08,60.94,97.99,94.52,65.56,35.13,77.17,52.09,16.27,49.16
Banka ,Bihar,59.32,36.10,38.19,96.31,96.22,55.73,22.56,79.79,67.95,13.64,32.34
Munger ,Bihar,69.49,31.31,62.83,97.74,98.41,69.50,44.43,93.24,60.03,15.24,59.39
Lakhisarai ,Bihar,61.17,37.75,51.55,96.62,97.98,57.89,29.96,75.78,58.40,15.06,42.56
Sheikhpura ,Bihar,58.53,37.50,54.16,98.43,97.27,55.01,28.26,89.20,69.73,9.74,40.25
Nalanda ,Bihar,59.57,37.20,52.53,98.90,98.86,56.07,28.80,80.31,53.90,12.80,40.99
Patna ,Bihar,69.52,32.71,61.02,98.76,99.01,67.64,43.63,89.14,51.01,10.17,64.60
Bhojpur ,Bihar,67.92,34.16,45.87,99.70,97.91,64.10,34.57,86.90,61.75,9.63,42.86
Buxar ,Bihar,64.84,32.68,52.36,99.81,98.53,68.14,33.31,89.45,50.87,11.44,44.65
Kaimur (Bhabua) ,Bihar,62.28,35.81,59.08,97.96,96.68,66.04,29.45,83.33,63.16,18.07,29.03
Rohtas ,Bihar,70.52,32.67,68.95,99.58,98.48,76.51,42.56,89.08,51.70,17.19,47.37
Aurangabad ,Bihar,65.00,35.16,47.12,99.97,97.70,67.56,36.87,77.48,61.88,15.35,38.92
Gaya ,Bihar,59.59,36.29,44.41,99.21,97.92,59.40,30.73,76.58,49.14,9.71,34.69
Nawada ,Bihar,61.42,33.43,47.92,99.25,97.40,62.10,37.25,79.94,51.46,8.09,40.74
Jamui ,Bihar,53.07,37.00,37.57,90.48,97.89,48.68,20.64,73.39,53.34,14.29,40.22
Jehanabad ,Bihar,61.72,36.00,45.51,99.75,99.27,63.18,30.53,89.11,61.59,13.18,34.25
Arwal ,Bihar,62.64,36.64,43.42,99.86,97.35,62.54,32.88,79.16,58.58,15.55,29.30
Chandigarh,Chandigarh,86.66,23.29,84.98,99.12,99.85,82.96,59.61,96.87,83.24,32.23,95.81
Koriya ,Chhattisgarh,69.65,26.85,73.34,87.62,97.55,77.08,36.95,80.75,70.69,62.75,30.16
Jashpur ,Chhattisgarh,67.91,27.81,72.81,88.83,98.22,75.08,34.93,85.62,66.24,80.58,14.76
Raigarh ,Chhattisgarh,72.17,24.10,66.30,97.53,99.02,75.96,38.30,87.73,72.30,66.28,29.75
Korba ,Chhattisgarh,71.07,25.40,73.33,82.21,97.93,77.59,37.11,75.40,57.42,60.56,35.49
Janjgir - Champa ,Chhattisgarh,67.73,25.32,78.77,97.24,99.53,77.02,37.28,86.24,64.71,73.97,24.78
Kabeerdham ,Chhattisgarh,61.72,27.38,80.26,97.85,99.54,67.81,32.59,91.72,77.71,72.09,24.96
Rajnandgaon ,Chhattisgarh,73.35,23.95,79.16,98.81,99.30,82.41,38.85,95.49,86.25,80.82,27.44
Mahasamund ,Chhattisgarh,68.59,23.99,84.23,98.83,98.40,72.62,31.24,92.89,72.58,76.17,30.38
Dhamtari ,Chhattisgarh,77.34,23.57,89.82,99.11,99.90,83.69,40.92,94.25,70.35,86.83,30.89
Uttar Bastar Kanker ,Chhattisgarh,70.21,21.79,80.49,98.68,99.44,78.45,40.26,94.07,83.92,84.84,25.92
Narayanpur ,Chhattisgarh,54.03,28.84,52.79,90.52,90.05,53.84,26.49,74.16,67.23,83.09,19.52
Bijapur ,Chhattisgarh,47.44,30.48,30.63,94.34,86.82,46.29,24.19,63.62,62.26,73.53,18.48
Balod ,Chhattisgarh,76.35,20.71,83.76,99.49,99.68,84.66,46.25,97.35,85.75,79.52,33.29
Baloda Bazar ,Chhattisgarh,66.70,27.20,78.85,94.79,99.23,75.01,38.71,78.14,65.80,66.05,24.86
Balrampur ,Chhattisgarh,62.08,29.17,57.34,84.44,97.85,66.81,32.16,78.89,72.71,62.27,13.21
Bastar ,Chhattisgarh,58.04,26.52,60.99,94.09,96.80,54.62,25.32,63.54,56.07,69.28,31.56
Bemetara ,Chhattisgarh,65.25,27.00,80.48,98.82,99.66,74.14,32.99,94.98,84.57,63.38,18.86
Bilaspur ,Chhattisgarh,70.97,24.78,80.47,93.62,98.61,74.32,37.38,79.44,55.79,60.37,42.19
Dantewada ,Chhattisgarh,51.04,27.89,60.48,95.14,95.90,50.32,24.20,90.45,84.10,82.20,34.56
Durg ,Chhattisgarh,79.41,22.87,89.47,98.46,99.57,84.59,52.69,96.71,72.44,67.01,76.31
Gariyaband ,Chhattisgarh,67.37,26.48,80.98,96.82,98.74,72.08,27.77,87.56,80.58,79.82,17.05
Kodagaon ,Chhattisgarh,57.50,25.71,79.52,98.77,97.75,56.13,24.67,78.72,74.34,80.58,12.36
Mungeli ,Chhattisgarh,63.55,29.34,80.68,97.95,99.69,68.55,32.16,69.81,56.21,67.98,22.85
Raipur ,Chhattisgarh,77.09,24.19,83.95,99.73,99.48,81.31,40.10,90.71,63.92,76.92,60.47
Sukma ,Chhattisgarh,45.89,29.60,35.53,95.96,98.25,40.48,15.87,81.22,80.75,78.11,14.38
Surajpur ,Chhattisgarh,64.79,28.54,75.40,83.35,98.65,68.25,30.68,85.87,72.63,75.67,23.95
Surguja ,Chhattisgarh,66.33,27.47,75.76,96.39,99.26,73.68,37.73,85.34,73.25,65.14,24.47
Diu ,Dadra and Nagar Haveli & Daman and Diu,77.78,21.18,89.69,99.69,99.98,90.77,52.68,95.65,63.85,63.98,85.32
Daman ,Dadra and Nagar Haveli & Daman and Diu,83.78,22.66,67.07,95.97,99.54,85.88,42.85,97.39,60.54,32.88,92.05
Dadra & Nagar Haveli ,Dadra and Nagar Haveli & Daman and Diu,70.75,26.80,63.08,94.76,99.67,72.82,31.48,96.32,75.83,58.81,74.33
North Goa ,Goa,89.53,19.28,87.74,98.10,100.00,92.37,71.98,99.57,58.59,64.83,96.69
South Goa ,Goa,88.20,18.85,88.17,99.02,100.00,93.76,70.88,100.00,52.04,67.70,96.24
Kachchh ,Gujarat,66.56,26.57,85.82,96.83,99.16,75.57,24.13,97.36,45.31,34.34,67.16
Banas Kantha ,Gujarat,61.10,29.23,53.86,93.58,91.14,63.71,17.64,92.94,29.05,40.96,45.63
Patan ,Gujarat,64.81,25.08,73.11,99.39,98.29,71.08,22.59,98.55,25.17,50.17,62.62
Mahesana ,Gujarat,71.28,22.13,72.14,97.01,97.68,75.05,32.59,97.25,27.37,40.74,63.14
Gandhinagar ,Gujarat,77.63,22.34,84.60,99.72,97.81,81.78,37.86,97.81,39.46,29.74,76.86
Porbandar ,Gujarat,74.87,20.75,85.74,96.24,99.75,84.33,35.93,100.00,61.15,42.13,76.85
Amreli ,Gujarat,69.88,22.71,73.28,97.79,99.64,77.17,27.18,90.13,45.54,47.74,65.61
Anand ,Gujarat,75.18,22.23,82.10,99.72,97.95,75.89,32.22,95.96,41.21,36.17,65.13
Dohad ,Gujarat,59.58,35.58,35.93,90.99,89.29,56.10,23.13,92.45,68.20,40.26,26.80
Narmada ,Gujarat,66.00,25.98,54.56,96.83,92.69,67.29,22.59,81.65,66.33,51.07,31.28
Bharuch ,Gujarat,76.66,23.69,77.69,97.23,98.15,74.01,31.52,91.14,49.60,37.36,60.16
The Dangs ,Gujarat,69.94,28.80,71.72,91.21,95.89,68.92,20.65,74.45,64.23,44.33,23.39
Navsari ,Gujarat,77.86,19.55,80.12,97.40,98.65,84.05,47.65,99.26,49.59,41.96,70.17
Valsad ,Gujarat,79.02,25.24,85.31,98.00,98.63,82.93,45.59,96.52,44.74,40.58,73.11
Surat ,Gujarat,82.71,23.11,81.95,98.87,99.34,84.18,43.95,97.69,41.08,31.55,88.56
Tapi ,Gujarat,66.05,21.03,70.21,99.02,97.56,72.02,32.49,92.93,72.59,42.32,45.50
Ahmadabad ,Gujarat,79.83,22.05,86.38,98.73,99.49,81.47,42.65,94.45,46.68,36.23,89.72
Aravali ,Gujarat,68.57,25.54,56.32,98.45,96.53,71.93,34.67,92.18,34.80,43.89,47.93
Bhavnagar ,Gujarat,72.03,24.13,72.87,95.09,96.92,74.24,26.25,94.18,44.27,32.17,59.81
Botad ,Gujarat,68.86,24.79,71.96,99.23,99.27,71.82,22.00,93.45,39.24,37.97,63.03
Chhota Udaipur ,Gujarat,52.33,25.41,52.95,97.40,95.30,53.20,20.25,85.72,68.78,39.95,25.67
Devbhumi Dwarka ,Gujarat,59.02,24.19,73.37,93.91,98.71,66.09,15.76,94.80,37.22,33.54,61.15
Gir Somnath ,Gujarat,65.78,23.40,74.27,98.20,99.50,73.12,30.75,87.12,34.02,46.63,46.80
Jamnagar ,Gujarat,72.79,20.95,86.60,99.74,98.92,83.14,35.26,96.49,55.42,38.60,81.56
Junagadh ,Gujarat,73.75,21.58,81.68,97.04,99.26,82.79,34.96,97.42,60.32,47.25,67.18
Kheda ,Gujarat,73.95,23.65,63.34,97.69,96.90,70.92,24.19,95.18,47.52,32.20,47.95
Mahisagar ,Gujarat,66.14,25.39,44.42,94.79,95.17,70.89,33.91,92.98,26.61,46.00,47.44
Morbi ,Gujarat,70.46,22.57,80.08,98.33,99.86,82.42,35.38,94.78,30.11,34.41,73.64
Panch Mahals ,Gujarat,70.12,26.30,58.93,90.95,95.52,71.67,28.41,88.41,24.67,33.95,43.62
Rajkot ,Gujarat,78.37,21.96,85.44,99.50,99.59,84.68,42.59,99.28,40.89,45.13,83.59
Sabar Kantha ,Gujarat,68.68,26.55,60.97,90.72,95.34,74.52,31.10,89.43,38.30,49.32,58.71
Surendranagar ,Gujarat,66.04,23.65,63.75,96.88,99.43,75.07,23.28,85.58,45.36,50.44,56.92
Vadodara ,Gujarat,82.02,20.99,85.62,99.49,97.28,84.57,46.41,95.92,45.74,41.66,78.10
Panchkula ,Haryana,81.23,23.09,82.62,99.20,99.46,87.86,60.28,96.99,80.99,19.90,81.13
Ambala ,Haryana,82.24,21.56,87.22,99.29,99.61,88.85,55.34,97.83,61.65,18.99,81.59
Yamunanagar ,Haryana,79.05,23.59,83.54,100.00,99.76,87.05,51.18,94.79,55.75,20.62,77.71
Kurukshetra ,Haryana,75.32,24.69,82.63,99.93,99.59,83.92,48.40,98.36,63.05,19.19,77.58
Kaithal ,Haryana,66.34,24.40,89.72,98.45,99.99,73.95,45.90,98.21,65.36,29.08,55.91
Karnal ,Haryana,79.15,26.42,83.50,99.89,99.24,84.46,46.78,98.96,62.47,24.59,74.08
Panipat ,Haryana,78.31,25.98,79.32,99.85,99.60,85.89,52.12,97.10,52.58,26.48,72.95
Sonipat ,Haryana,78.87,23.51,86.65,97.17,99.33,89.13,56.82,99.70,62.36,22.36,69.93
Jind ,Haryana,71.41,25.84,88.52,96.17,99.98,83.56,45.28,98.68,66.53,23.68,42.11
Fatehabad ,Haryana,67.25,24.09,87.30,99.76,99.77,73.20,41.51,97.94,58.91,29.43,43.74
Sirsa ,Haryana,68.26,22.60,81.94,99.25,99.89,73.12,44.65,99.34,67.32,26.64,38.82
Hisar ,Haryana,69.29,25.77,89.11,99.33,99.74,79.76,43.85,98.23,46.10,27.88,44.80
Rohtak ,Haryana,79.58,23.70,90.01,98.45,99.65,88.53,55.91,97.39,62.06,24.78,67.27
Jhajjar ,Haryana,77.26,22.95,91.68,96.60,99.84,89.14,62.66,97.20,60.62,26.99,55.90
Mahendragarh ,Haryana,69.96,22.27,79.78,99.71,99.60,82.73,52.42,98.91,65.33,25.61,34.16
Rewari ,Haryana,74.55,22.64,86.40,99.73,100.00,87.41,58.72,98.71,53.86,25.33,54.92
Gurgaon ,Haryana,80.93,24.72,84.54,99.65,99.44,87.07,59.55,96.67,56.94,34.62,80.95
Mewat ,Haryana,51.15,40.63,71.67,97.06,98.63,45.06,13.89,74.63,59.15,11.49,22.01
Faridabad ,Haryana,80.49,24.96,84.16,97.85,100.00,84.39,55.55,92.49,42.88,32.80,89.26
Palwal ,Haryana,66.99,31.29,80.30,96.69,98.86,71.14,39.40,78.34,46.49,23.51,34.62
Bhiwani ,Haryana,70.20,24.81,89.67,97.51,99.97,80.03,47.02,97.70,49.34,28.24,36.55
Charkhi Dadri ,Haryana,69.56,23.38,90.40,97.32,99.48,84.41,54.45,98.94,55.94,29.71,36.23
Chamba ,Himachal Pradesh,70.13,25.13,86.54,85.53,99.09,84.09,50.92,72.04,64.88,26.79,34.96
Kangra ,Himachal Pradesh,84.08,21.09,73.33,98.57,99.66,94.43,69.85,90.17,74.97,36.36,49.14
Lahul & Spiti ,Himachal Pradesh,65.61,17.78,61.69,89.24,99.80,86.22,55.91,86.39,75.93,31.15,71.73
Kullu ,Himachal Pradesh,77.36,21.78,81.15,94.26,99.17,87.36,54.43,86.95,66.80,26.77,64.97
Mandi ,Himachal Pradesh,79.24,22.32,86.98,96.46,99.50,93.96,71.84,86.58,77.44,41.33,38.59
Hamirpur ,Himachal Pradesh,86.66,20.32,85.48,98.00,99.66,94.84,76.12,97.60,75.12,32.03,44.73
Una ,Himachal Pradesh,86.10,21.80,81.38,98.77,98.50,92.52,66.82,89.65,52.18,22.56,46.20
Bilaspur ,Himachal Pradesh,81.25,22.11,80.82,92.85,99.97,91.23,64.24,91.70,72.11,35.41,35.78
Solan ,Himachal Pradesh,82.42,22.27,81.76,96.47,99.21,90.98,62.34,90.22,67.95,41.86,62.46
Sirmaur ,Himachal Pradesh,75.65,25.51,84.27,95.69,99.24,84.93,55.64,87.41,70.05,26.19,46.80
Shimla ,Himachal Pradesh,81.63,18.97,87.25,97.29,100.00,93.36,69.70,92.23,81.88,37.07,78.02
Kinnaur ,Himachal Pradesh,73.80,19.11,80.06,96.94,99.58,89.11,56.09,82.72,76.35,35.91,70.38
Kupwara ,Jammu & Kashmir,68.70,26.67,67.68,88.00,99.29,76.01,44.92,97.06,88.74,10.36,61.99
Badgam ,Jammu & Kashmir,62.53,22.32,77.01,95.75,99.47,74.12,48.18,96.47,94.31,5.22,71.12
Punch ,Jammu & Kashmir,72.14,27.20,66.69,76.75,99.74,79.25,46.76,85.99,84.21,11.08,44.62
Rajouri ,Jammu & Kashmir,72.56,26.35,63.32,77.71,99.95,79.41,46.38,88.81,84.92,16.41,42.76
Kathua ,Jammu & Kashmir,77.43,19.75,75.38,96.13,99.65,87.65,64.85,97.08,93.83,6.96,68.49
Baramula ,Jammu & Kashmir,62.91,24.81,77.73,93.33,98.71,67.89,35.89,96.24,86.78,6.53,76.48
Bandipore ,Jammu & Kashmir,62.43,25.48,66.83,89.79,98.97,66.57,35.87,92.76,82.21,9.07,77.85
Srinagar ,Jammu & Kashmir,68.21,20.16,86.78,98.45,100.00,78.42,60.52,99.21,88.68,17.87,98.44
Ganderbal ,Jammu & Kashmir,60.20,25.11,78.44,97.15,99.52,63.99,34.25,97.97,95.03,8.30,84.44
Pulwama ,Jammu & Kashmir,67.19,22.06,91.61,97.95,99.11,76.59,49.43,97.79,91.99,9.88,76.62
Shupiyan ,Jammu & Kashmir,71.42,22.95,86.54,99.16,99.92,80.81,55.15,98.33,94.27,8.37,66.11
Anantnag ,Jammu & Kashmir,65.48,22.41,84.68,99.27,98.71,74.66,52.77,90.47,86.73,7.27,76.46
Kulgam ,Jammu & Kashmir,63.96,25.44,80.50,96.43,99.84,70.88,42.40,98.87,94.35,4.23,40.31
Doda ,Jammu & Kashmir,65.12,28.36,70.90,92.63,99.62,69.24,46.75,73.54,68.89,7.60,42.36
Ramban ,Jammu & Kashmir,60.78,29.53,48.92,73.42,97.43,62.21,35.49,80.44,78.67,9.17,35.81
Kishtwar ,Jammu & Kashmir,68.91,24.82,59.62,86.84,88.82,71.28,47.97,91.59,90.82,16.37,50.60
Udhampur ,Jammu & Kashmir,72.98,26.13,69.84,76.44,99.92,77.33,43.66,87.23,85.95,16.83,55.08
Reasi ,Jammu & Kashmir,66.85,30.69,62.71,76.54,99.91,68.19,41.88,69.32,66.64,11.24,35.20
Jammu ,Jammu & Kashmir,83.97,22.18,81.24,99.92,100.00,91.54,70.80,96.48,88.66,23.25,87.89
Samba ,Jammu & Kashmir,76.63,24.51,78.81,95.43,99.81,84.83,60.61,97.85,91.26,19.02,73.01
Garhwa ,Jharkhand,60.52,33.33,54.06,92.52,84.99,62.74,31.04,83.98,67.64,55.27,24.74
Chatra ,Jharkhand,60.74,36.77,48.05,83.34,92.13,61.81,27.67,71.52,51.80,46.51,20.43
Kodarma ,Jharkhand,64.42,35.80,54.00,83.88,97.12,66.91,31.83,91.33,64.23,56.77,35.83
Giridih ,Jharkhand,61.57,34.57,59.24,87.63,96.54,57.32,24.97,70.74,50.29,52.41,32.38
Deoghar ,Jharkhand,59.80,36.04,41.56,90.78,95.58,54.22,19.73,61.29,47.17,53.80,23.50
Godda ,Jharkhand,52.71,33.80,54.88,91.35,93.49,50.44,19.55,70.22,63.60,45.91,19.67
Sahibganj ,Jharkhand,57.33,39.44,43.19,88.22,91.59,54.86,18.64,64.69,59.46,34.77,17.43
Pakur ,Jharkhand,53.11,36.30,38.26,88.59,91.74,46.68,13.60,64.60,57.63,52.45,16.94
Dhanbad ,Jharkhand,68.68,27.78,67.58,88.90,98.51,71.97,37.88,78.75,34.46,45.66,37.18
Bokaro ,Jharkhand,71.48,27.29,64.38,86.42,97.31,72.56,44.96,80.86,44.60,44.65,46.97
Lohardaga ,Jharkhand,65.55,32.38,67.68,78.43,99.21,67.46,35.02,84.11,72.64,58.87,33.95
Purbi Singhbhum ,Jharkhand,74.12,23.37,70.21,89.72,95.72,77.36,46.76,94.03,66.16,50.72,57.56
Palamu ,Jharkhand,63.48,34.56,46.28,94.89,95.77,65.37,36.53,74.85,54.77,55.77,25.41
Latehar ,Jharkhand,60.53,35.94,51.40,79.20,88.96,58.74,26.53,70.29,61.44,52.23,14.23
Hazaribagh ,Jharkhand,66.10,32.56,55.64,85.49,98.17,69.67,40.09,82.03,59.84,55.00,36.81
Ramgarh ,Jharkhand,68.39,27.85,64.20,76.71,98.40,72.73,44.33,78.98,51.56,49.67,33.15
Dumka ,Jharkhand,59.68,31.72,41.46,92.59,93.19,55.62,19.11,60.27,51.25,45.37,18.09
Jamtara ,Jharkhand,63.65,29.53,52.84,93.00,92.22,57.37,21.39,75.37,60.42,62.91,20.25
Ranchi ,Jharkhand,73.32,25.43,77.19,86.27,99.30,78.40,49.45,87.28,61.65,43.85,57.68
Khunti ,Jharkhand,63.14,29.81,55.16,68.59,92.87,59.89,29.27,73.77,64.20,58.17,18.66
Gumla ,Jharkhand,65.14,30.71,50.12,75.19,89.08,69.27,33.34,83.76,80.32,51.67,19.13
Simdega ,Jharkhand,68.20,30.03,71.30,66.74,84.08,68.78,29.74,75.73,71.20,60.63,15.94
Pashchimi Singhbhum ,Jharkhand,58.42,35.80,37.74,79.29,83.30,49.83,22.92,67.91,64.31,46.71,15.53
Saraikela-Kharsawan ,Jharkhand,64.37,26.16,60.87,85.69,93.49,68.27,36.01,81.84,62.24,63.08,31.53
Belgaum ,Karnataka,72.37,24.99,67.67,94.41,99.10,73.99,47.80,97.52,60.63,20.72,74.82
Bagalkot ,Karnataka,67.29,26.50,51.29,99.15,98.88,69.66,37.71,95.20,57.05,22.29,56.64
Bijapur ,Karnataka,66.11,28.04,44.84,92.52,97.59,66.61,37.13,91.75,59.59,21.20,60.61
Bidar ,Karnataka,68.23,27.27,56.50,98.88,98.75,73.79,44.98,98.98,73.42,21.44,65.15
Raichur ,Karnataka,55.27,29.29,53.02,94.01,99.68,54.28,31.67,88.93,64.43,17.75,64.92
Koppal ,Karnataka,63.92,28.76,58.79,95.95,99.19,59.80,34.36,90.74,68.15,20.62,47.39
Gadag ,Karnataka,73.30,24.13,55.20,95.53,98.60,70.67,45.12,96.19,67.48,28.27,56.27
Dharwad ,Karnataka,78.22,22.09,79.32,87.94,99.38,81.76,51.36,99.69,69.19,24.48,79.05
Uttara Kannada ,Karnataka,81.14,18.16,89.61,84.82,99.12,84.34,49.18,99.27,69.48,32.02,73.42
Haveri ,Karnataka,72.55,25.43,68.87,99.05,99.05,71.52,39.99,97.17,82.57,28.77,60.67
Bellary ,Karnataka,64.17,23.64,64.13,94.72,98.92,64.44,39.92,95.74,76.79,25.66,76.19
Chitradurga ,Karnataka,72.95,22.45,63.05,97.82,99.78,75.61,48.28,98.32,68.83,35.33,80.59
Davanagere ,Karnataka,74.90,21.93,83.28,97.45,98.82,75.98,47.07,98.31,68.87,25.22,79.07
Shimoga ,Karnataka,78.77,22.91,85.44,94.63,99.48,79.81,49.06,99.66,74.06,26.54,85.65
Udupi ,Karnataka,81.99,19.49,94.45,81.48,99.57,90.26,55.42,98.88,37.60,50.87,67.77
Chikmagalur ,Karnataka,76.21,19.39,92.31,95.70,99.29,82.89,48.32,98.39,77.85,29.97,78.97
Tumkur ,Karnataka,72.34,21.21,86.14,96.17,99.60,81.87,58.92,100.00,66.86,30.95,85.26
Bangalore ,Karnataka,85.72,20.62,90.41,99.22,98.78,87.27,70.05,99.34,54.71,28.83,97.20
Mandya ,Karnataka,67.69,18.06,86.67,98.43,98.39,78.30,52.54,99.45,60.19,39.94,90.48
Hassan ,Karnataka,74.38,20.23,87.87,96.80,99.28,82.04,51.26,100.00,71.70,36.89,86.13
Dakshina Kannada ,Karnataka,83.89,19.84,97.10,88.62,99.83,92.72,62.79,100.00,41.85,36.29,82.04
Kodagu ,Karnataka,83.63,21.23,93.86,89.20,98.72,88.50,58.86,98.43,73.31,45.63,78.32
Mysore ,Karnataka,72.40,20.71,86.44,95.41,99.47,78.92,49.64,100.00,56.17,26.24,94.73
Chamarajanagar ,Karnataka,63.19,19.43,75.16,99.89,98.65,72.36,41.69,100.00,82.65,34.37,88.96
Gulbarga ,Karnataka,64.95,26.75,36.53,92.51,99.40,68.24,42.03,88.66,60.52,17.36,58.52
Yadgir ,Karnataka,51.88,29.24,37.37,95.17,99.04,48.05,26.43,93.34,73.36,16.74,48.79
Kolar ,Karnataka,71.64,21.75,89.22,98.51,99.46,78.28,55.01,99.60,76.14,33.89,89.92
Chikkaballapura ,Karnataka,65.87,21.71,84.91,98.05,99.88,76.32,47.96,98.97,83.02,26.12,89.35
Bangalore Rural ,Karnataka,74.25,20.46,88.80,97.91,99.22,83.81,56.30,100.00,72.04,34.88,93.56
Ramanagara ,Karnataka,68.83,18.14,89.63,98.34,99.61,82.67,54.45,100.00,68.78,35.71,91.98
Kasaragod ,Kerala,90.81,24.07,98.85,93.16,99.46,95.91,68.31,100.00,29.86,44.01,73.50
Kannur ,Kerala,96.66,23.89,99.46,93.88,99.66,99.08,74.10,100.00,33.59,47.93,70.39
Wayanad ,Kerala,88.18,21.18,97.62,94.09,96.96,93.72,68.04,100.00,37.61,64.75,55.73
Kozhikode ,Kerala,97.68,19.91,99.63,93.34,99.60,99.05,84.28,100.00,42.17,61.11,73.83
Malappuram ,Kerala,94.90,26.97,99.85,97.70,99.69,99.15,69.51,100.00,25.63,42.76,59.02
Palakkad ,Kerala,89.62,19.32,98.96,94.68,98.93,94.40,63.16,100.00,29.63,53.79,67.48
Thrissur ,Kerala,97.79,18.80,99.50,93.67,100.00,99.41,79.18,100.00,30.85,48.65,76.33
Ernakulam ,Kerala,97.21,18.80,99.31,98.16,100.00,99.32,83.76,99.12,23.17,46.24,88.35
Idukki ,Kerala,92.95,19.02,97.52,82.28,98.95,94.38,73.23,100.00,47.58,58.10,54.29
Kottayam ,Kerala,97.92,18.76,98.59,97.14,99.63,99.70,85.77,98.69,44.26,53.19,72.48
Alappuzha ,Kerala,97.78,16.63,99.17,98.41,99.92,99.70,78.83,99.38,48.98,60.43,79.21
Pathanamthitta ,Kerala,97.66,16.41,98.94,94.07,99.63,99.66,84.53,99.07,36.75,50.11,60.12
Kollam ,Kerala,96.61,18.89,97.54,95.70,99.77,98.22,80.56,100.00,44.65,56.01,80.14
Thiruvananthapuram ,Kerala,94.48,20.33,95.43,92.89,99.89,98.48,83.05,99.45,34.67,48.68,72.20
Leh(Ladakh) ,Ladakh,66.28,20.99,42.39,87.11,99.82,76.39,49.77,96.40,95.67,16.18,93.49
Kargil ,Ladakh,69.56,24.53,42.25,90.18,99.12,77.22,50.31,93.72,93.72,13.56,58.06
Lakshadweep , Lakshadweep ,92.98,22.34,99.80,92.88,99.78,96.50,67.79,99.61,65.27,60.11,59.43
Sheopur ,Madhya Pradesh,53.09,30.97,47.99,91.08,98.02,54.76,15.93,84.16,76.55,27.11,22.92
Morena ,Madhya Pradesh,66.95,31.07,62.68,97.11,99.46,70.71,25.59,94.76,80.90,36.27,32.57
Bhind ,Madhya Pradesh,66.93,28.54,79.86,95.49,98.15,73.79,28.91,93.53,82.06,30.98,30.96
Gwalior ,Madhya Pradesh,72.19,24.36,83.16,98.60,99.50,78.10,37.93,94.75,74.13,40.62,69.80
Datia ,Madhya Pradesh,67.39,24.09,66.78,95.82,99.77,71.16,27.84,89.44,76.65,30.87,31.20
Shivpuri ,Madhya Pradesh,61.44,27.83,55.49,86.80,97.19,62.45,21.23,94.46,89.26,38.92,32.67
Tikamgarh ,Madhya Pradesh,66.82,26.55,56.58,79.95,99.70,70.63,25.82,89.80,79.51,40.48,32.13
Chhatarpur ,Madhya Pradesh,65.06,29.62,55.46,86.50,96.76,63.68,24.73,85.22,73.05,17.08,30.13
Panna ,Madhya Pradesh,63.65,27.47,43.81,85.53,95.79,62.94,23.97,84.04,76.58,12.56,22.10
Sagar ,Madhya Pradesh,76.43,26.94,68.81,86.69,98.60,74.33,32.87,86.89,73.62,27.47,32.74
Damoh ,Madhya Pradesh,70.31,28.37,40.63,80.98,97.28,68.29,24.83,84.98,80.31,21.56,28.08
Satna ,Madhya Pradesh,71.91,27.48,55.36,92.67,97.75,73.02,31.46,85.53,75.08,22.00,35.24
Rewa ,Madhya Pradesh,65.22,28.63,46.05,82.08,96.52,67.74,23.05,80.43,76.35,29.37,21.36
Umaria ,Madhya Pradesh,68.02,26.09,53.69,79.48,98.17,67.66,26.41,92.19,89.22,19.86,26.86
Neemuch ,Madhya Pradesh,64.12,23.83,68.91,91.73,99.55,68.45,27.86,97.50,86.72,43.34,52.39
Mandsaur ,Madhya Pradesh,63.09,22.92,65.35,77.55,99.93,67.21,24.06,99.35,93.15,48.43,45.57
Ratlam ,Madhya Pradesh,66.17,28.18,69.40,90.98,98.97,63.41,23.84,95.19,87.12,37.89,53.09
Ujjain ,Madhya Pradesh,68.92,23.68,72.83,94.66,99.27,66.31,29.01,97.11,83.02,35.74,60.71
Dewas ,Madhya Pradesh,68.57,25.02,69.61,93.58,99.58,67.29,27.70,92.23,80.31,35.07,50.96
Dhar ,Madhya Pradesh,59.50,26.89,61.94,89.18,97.62,58.56,23.77,95.45,83.43,30.25,44.76
Indore ,Madhya Pradesh,77.98,23.77,90.02,98.87,100.00,81.71,47.71,96.50,63.50,40.31,86.88
Khargone (West Nimar) ,Madhya Pradesh,62.05,25.92,73.82,96.98,98.78,61.74,27.23,92.76,85.62,43.66,61.58
Barwani ,Madhya Pradesh,54.10,33.26,60.98,90.44,99.32,52.47,19.34,85.11,82.29,29.22,40.46
Rajgarh ,Madhya Pradesh,58.93,26.52,47.84,74.22,97.82,56.50,21.34,91.70,79.99,27.12,24.81
Vidisha ,Madhya Pradesh,69.22,29.00,65.19,95.72,98.70,68.89,21.74,90.61,82.83,48.16,31.78
Bhopal ,Madhya Pradesh,78.27,22.51,79.57,96.73,99.59,81.28,47.42,98.26,67.73,50.65,83.61
Sehore ,Madhya Pradesh,68.46,25.56,75.16,92.20,99.16,69.68,28.21,94.67,82.85,33.24,33.73
Raisen ,Madhya Pradesh,73.31,26.08,69.60,92.43,99.32,78.63,34.61,96.03,93.16,40.98,38.91
Betul ,Madhya Pradesh,71.24,24.33,59.83,87.09,98.11,76.06,38.65,87.61,80.80,51.27,36.02
Harda ,Madhya Pradesh,74.11,24.27,68.80,92.32,98.84,73.94,30.77,88.36,76.34,33.32,57.62
Hoshangabad ,Madhya Pradesh,73.99,24.74,68.49,93.53,97.22,73.55,35.53,91.75,79.53,28.62,47.31
Katni ,Madhya Pradesh,71.36,25.31,53.48,93.98,97.88,72.03,32.45,91.75,84.42,18.13,29.53
Jabalpur ,Madhya Pradesh,69.98,23.36,61.93,97.99,99.65,72.44,30.39,94.73,89.18,61.17,28.46
Narsimhapur ,Madhya Pradesh,73.77,24.27,76.95,99.77,99.01,73.61,31.40,91.37,76.15,49.35,36.68
Dindori ,Madhya Pradesh,64.79,27.17,47.85,66.07,97.41,66.79,25.75,77.62,76.60,47.23,12.14
Mandla ,Madhya Pradesh,68.31,25.05,58.43,79.70,96.82,69.07,30.52,87.61,81.04,42.64,22.30
Chhindwara ,Madhya Pradesh,73.09,22.51,77.09,89.06,98.89,75.03,40.21,92.16,78.09,48.45,43.59
Seoni ,Madhya Pradesh,71.32,24.21,56.20,79.12,99.20,73.74,33.01,94.81,86.79,44.62,28.98
Balaghat ,Madhya Pradesh,72.75,23.07,79.57,83.33,98.68,79.79,39.22,95.10,88.61,68.38,31.11
Guna ,Madhya Pradesh,61.43,28.61,55.64,81.35,98.28,56.77,17.71,97.98,90.63,43.09,34.49
Ashoknagar ,Madhya Pradesh,62.40,28.59,53.67,90.07,98.59,61.25,17.60,91.32,83.62,34.22,20.30
Shahdol ,Madhya Pradesh,67.20,24.70,61.41,79.16,97.48,72.07,30.74,85.63,82.99,58.42,26.54
Anuppur ,Madhya Pradesh,64.98,24.11,69.42,79.75,97.01,74.95,28.61,84.80,80.86,52.75,21.66
Sidhi ,Madhya Pradesh,66.68,30.68,44.71,83.65,96.37,71.70,27.14,83.79,80.44,26.12,20.86
Singrauli ,Madhya Pradesh,60.88,29.54,52.57,77.90,92.70,65.36,29.92,69.85,62.46,58.46,31.67
Jhabua ,Madhya Pradesh,45.88,38.87,57.63,85.19,98.88,38.60,15.99,92.85,86.06,43.70,17.46
Alirajpur ,Madhya Pradesh,45.36,34.76,84.69,89.62,98.51,42.13,17.29,83.17,80.03,42.53,17.37
Khandwa (East Nimar) ,Madhya Pradesh,67.05,26.03,76.65,88.67,99.31,67.65,27.87,93.17,89.95,38.07,48.30
Burhanpur ,Madhya Pradesh,69.84,27.92,74.02,95.96,98.33,67.60,26.27,90.72,76.30,42.18,68.19
Agar Malwa ,Madhya Pradesh,56.27,23.62,72.29,81.43,99.52,59.44,19.29,98.88,89.78,58.88,39.47
Shajapur ,Madhya Pradesh,62.63,24.95,74.51,91.75,99.87,61.98,19.61,98.14,88.96,34.33,37.71
Nandurbar ,Maharastra,63.51,26.60,54.09,94.60,96.17,57.66,29.91,76.29,60.67,15.34,40.30
Dhule ,Maharastra,73.54,27.34,58.90,89.92,95.96,68.75,40.76,77.20,48.80,19.83,65.05
Jalgaon ,Maharastra,77.49,25.06,59.73,94.32,96.77,76.51,40.80,86.51,40.22,11.89,79.46
Buldana ,Maharastra,78.06,23.99,68.86,89.71,97.08,79.88,41.84,93.94,70.90,37.88,69.15
Akola ,Maharastra,86.29,23.53,69.48,95.09,97.59,87.52,52.74,97.67,65.93,40.12,75.52
Washim ,Maharastra,75.95,21.95,61.48,73.71,97.16,77.95,41.97,92.94,65.12,24.12,61.35
Amravati ,Maharastra,86.16,21.14,75.71,95.81,99.06,87.81,55.03,91.34,65.43,31.87,71.72
Wardha ,Maharastra,85.05,20.37,80.23,98.46,98.81,92.95,56.50,98.79,72.39,27.06,83.86
Nagpur ,Maharastra,86.50,20.90,88.85,99.48,99.51,94.59,67.59,100.00,61.87,25.61,96.03
Bhandara ,Maharastra,80.28,22.50,81.82,92.03,98.83,89.09,53.93,100.00,94.12,29.96,71.40
Gondiya ,Maharastra,80.35,21.57,74.31,91.56,98.22,87.52,54.11,99.14,88.61,30.60,68.01
Gadchiroli ,Maharastra,67.07,22.74,62.39,82.99,95.81,79.35,42.25,97.33,90.48,33.28,60.53
Chandrapur ,Maharastra,78.87,19.62,77.31,96.46,98.85,87.79,57.47,99.62,85.15,28.94,85.10
Yavatmal ,Maharastra,77.58,22.12,66.44,89.45,97.15,80.75,38.86,96.29,67.39,29.03,71.80
Nanded ,Maharastra,68.12,24.76,68.04,94.76,96.44,71.91,31.59,94.81,66.71,15.73,64.54
Hingoli ,Maharastra,69.43,24.83,69.04,92.41,98.13,76.54,33.19,94.04,68.58,14.66,53.10
Parbhani ,Maharastra,67.08,29.50,60.05,88.97,96.80,73.36,28.81,85.61,53.59,10.50,54.76
Jalna ,Maharastra,67.62,26.86,63.64,82.78,95.72,71.81,34.30,92.79,57.31,9.65,56.39
Aurangabad ,Maharastra,78.43,27.35,69.11,91.65,97.02,83.10,48.36,94.80,61.13,12.44,78.44
Nashik ,Maharastra,78.19,25.48,68.32,86.34,95.30,79.99,42.55,90.49,52.00,14.73,72.50
Mumbai Suburban ,Maharastra,88.54,20.21,62.63,99.79,99.17,91.58,65.72,98.08,55.99,20.19,98.68
Mumbai ,Maharastra,92.50,16.17,58.55,100.00,99.64,94.26,71.05,99.53,55.45,30.69,98.25
Raigarh ,Maharastra,73.68,21.34,74.80,87.79,97.93,79.15,44.96,96.55,54.79,26.29,83.27
Pune ,Maharastra,84.81,22.82,79.62,96.93,99.37,89.01,61.15,97.97,43.39,14.42,89.49
Ahmadnagar ,Maharastra,77.40,23.01,79.50,89.98,94.48,86.19,45.73,97.90,45.48,12.03,77.44
Bid ,Maharastra,64.57,23.95,66.41,85.38,94.76,76.27,38.56,94.02,63.65,9.27,54.36
Latur ,Maharastra,70.63,23.68,72.46,94.60,97.24,83.29,40.68,94.71,66.77,33.59,78.47
Osmanabad ,Maharastra,71.30,24.72,71.17,96.41,96.76,83.70,41.54,98.08,68.39,14.82,69.66
Solapur ,Maharastra,71.96,25.68,67.77,90.35,97.12,76.44,35.96,96.23,51.45,20.49,73.07
Satara ,Maharastra,78.47,20.57,78.71,95.55,97.90,87.18,48.25,97.10,43.78,11.36,82.10
Ratnagiri ,Maharastra,80.25,16.32,85.55,90.90,99.23,87.20,41.22,97.79,53.48,16.55,58.05
Sindhudurg ,Maharastra,83.07,16.17,87.85,73.19,99.38,92.07,49.40,100.00,65.48,13.23,66.03
Kolhapur ,Maharastra,80.18,20.72,82.03,97.29,98.75,90.74,53.78,99.18,45.59,16.45,84.68
Sangli ,Maharastra,80.38,21.37,84.69,96.75,98.19,90.33,54.58,98.01,38.45,12.28,87.31
Palghar ,Maharastra,77.46,22.60,75.05,91.09,97.65,77.61,48.28,94.18,65.89,18.82,75.02
Thane ,Maharastra,86.10,22.47,74.68,96.73,99.29,90.49,55.92,93.62,50.59,22.73,90.40
Senapati ,Manipur,79.62,32.96,84.38,64.40,98.80,81.89,39.57,45.75,36.08,15.35,49.95
Tamenglong ,Manipur,78.40,33.20,77.91,51.60,93.63,76.79,33.12,57.69,53.04,16.77,30.54
Churachandpur ,Manipur,84.00,34.10,81.15,62.49,93.97,84.19,36.57,72.94,50.36,18.15,62.32
Bishnupur ,Manipur,81.47,26.38,52.62,77.68,98.64,88.38,48.67,89.50,68.64,9.31,71.28
Thoubal ,Manipur,79.87,28.53,61.25,72.54,98.61,85.40,40.72,87.80,72.42,19.14,74.71
Imphal West ,Manipur,89.01,24.80,58.71,89.12,99.42,92.50,61.92,95.67,67.60,15.68,88.57
Imphal East ,Manipur,87.17,25.95,59.47,90.18,98.61,90.03,49.94,91.65,66.65,6.97,78.97
Ukhrul ,Manipur,83.68,30.87,81.44,50.85,94.95,86.89,49.72,44.58,20.99,17.03,22.86
Chandel ,Manipur,76.87,29.80,85.20,68.64,99.85,80.17,43.34,55.52,37.38,16.11,52.00
South Garo Hills ,Meghalaya,89.18,31.44,88.39,60.35,98.64,88.57,38.42,88.28,88.28,79.50,22.31
Ribhoi ,Meghalaya,85.32,40.36,85.32,86.16,92.08,89.46,23.14,56.94,45.60,66.84,21.04
East Khasi Hills ,Meghalaya,88.66,34.25,80.92,90.01,96.59,93.74,43.50,63.41,48.40,47.09,47.38
East Garo Hills ,Meghalaya,90.89,31.05,83.92,67.00,97.38,86.67,40.45,73.82,73.54,71.85,29.09
East Jantia Hills ,Meghalaya,76.03,46.13,83.57,74.59,85.05,76.01,22.97,48.40,36.25,74.10,26.53
North Garo Hills ,Meghalaya,91.29,29.19,84.89,51.51,97.52,86.14,38.43,61.52,60.41,60.84,24.44
South West Garo Hills ,Meghalaya,81.67,30.32,71.37,58.58,95.46,82.57,32.98,83.68,83.68,75.08,33.92
South West Khasi Hills ,Meghalaya,84.64,46.67,89.60,85.34,87.85,85.93,23.42,41.69,37.61,72.34,11.60
West Garo Hills ,Meghalaya,88.71,30.79,86.31,83.68,94.74,88.99,45.11,89.63,85.11,77.86,47.56
West Jaintia Hills ,Meghalaya,73.84,44.79,75.10,70.63,75.38,80.02,24.65,42.17,31.94,65.60,20.72
West Khasi Hills ,Meghalaya,85.06,50.56,87.78,80.52,84.99,87.37,16.41,41.74,36.12,60.12,8.61
Chandel ,Mizoram,76.87,29.80,85.20,68.64,99.85,80.17,43.34,55.52,37.38,16.11,52.00
Mamit ,Mizoram,90.66,30.72,92.69,97.29,97.93,89.63,39.97,74.96,71.80,61.70,73.27
Kolasib ,Mizoram,93.92,28.58,96.81,95.27,99.14,96.86,41.66,91.36,82.85,61.05,87.50
Aizawl ,Mizoram,97.83,25.08,96.06,98.27,99.67,98.86,60.67,97.44,76.26,37.46,95.38
Champhai ,Mizoram,93.28,27.17,98.30,98.60,100.00,97.73,47.80,96.67,91.50,64.92,79.44
Serchhip ,Mizoram,96.76,29.01,98.20,97.73,99.31,99.72,43.06,96.18,90.71,58.83,81.78
Lunglei ,Mizoram,89.82,24.56,95.58,96.00,97.96,91.58,46.26,82.69,69.36,46.52,79.88
Lawngtlai ,Mizoram,79.91,32.81,90.32,82.22,88.98,75.99,32.15,53.68,48.42,31.29,56.26
Mon ,Nagaland,79.38,23.46,86.44,86.73,96.36,78.22,24.25,21.40,20.15,39.26,13.00
Mokokchung ,Nagaland,88.02,20.40,96.72,97.44,97.68,94.04,55.76,51.48,47.28,22.30,46.20
Zunheboto ,Nagaland,87.37,22.21,88.94,91.03,99.39,87.13,40.17,34.98,32.15,18.06,18.58
Wokha ,Nagaland,85.83,21.37,88.47,83.41,99.70,91.63,45.26,43.59,24.19,20.60,41.23
Dimapur ,Nagaland,89.80,24.50,81.14,92.42,99.84,86.62,52.45,73.71,43.24,5.66,84.20
Phek ,Nagaland,80.53,24.29,90.07,98.08,99.41,85.82,39.39,32.20,29.19,24.93,24.19
Tuensang ,Nagaland,80.51,32.80,92.01,90.37,96.55,77.77,27.03,34.84,34.07,21.99,19.68
Longleng ,Nagaland,81.16,28.75,86.63,76.28,99.08,82.00,23.80,38.68,37.80,38.27,11.81
Kiphire ,Nagaland,77.40,32.37,83.09,90.86,97.91,73.69,22.01,34.77,33.80,8.76,16.44
Kohima ,Nagaland,90.35,18.69,87.44,89.87,99.49,95.23,70.90,66.88,44.68,26.72,61.68
Peren ,Nagaland,81.12,28.52,89.40,92.45,98.20,77.59,35.53,43.47,38.70,5.40,31.37
Central ,NCT of Delhi,84.36,23.93,76.99,99.65,99.78,84.69,57.05,92.20,69.30,22.61,98.81
East ,NCT of Delhi,84.35,24.55,78.01,98.36,99.53,84.32,57.23,92.57,68.23,30.67,99.08
New Delhi ,NCT of Delhi,85.89,25.28,69.44,99.11,100.00,83.85,57.87,91.76,63.39,25.18,98.33
North ,NCT of Delhi,80.75,25.89,70.19,99.26,99.83,81.86,53.87,89.74,60.51,18.05,98.06
North East ,NCT of Delhi,82.68,25.78,89.52,98.20,99.86,85.06,59.80,89.19,68.25,19.36,99.73
North West ,NCT of Delhi,84.17,24.40,88.22,99.66,100.00,86.40,62.91,93.97,62.64,28.21,99.09
Shahdara ,NCT of Delhi,83.11,23.24,83.37,99.81,99.94,85.45,58.37,95.80,74.50,21.53,99.79
South ,NCT of Delhi,83.51,22.89,89.46,100.00,99.89,86.62,61.64,81.97,52.55,28.68,97.69
South East ,NCT of Delhi,83.91,22.13,83.76,100.00,99.69,86.78,65.50,96.14,60.64,24.45,99.10
South West ,NCT of Delhi,86.56,22.81,86.15,99.72,99.98,88.26,68.44,92.51,52.78,37.72,99.31
West ,NCT of Delhi,83.28,25.41,76.82,99.78,100.00,83.23,56.31,91.75,57.69,20.96,98.99
Bargarh ,Odisha,72.07,22.18,61.91,98.04,98.39,75.73,37.36,99.59,91.86,45.51,31.88
Jharsuguda ,Odisha,77.75,19.64,69.99,88.36,98.13,81.01,40.90,98.58,66.66,37.74,41.78
Sambalpur ,Odisha,74.62,22.56,62.36,92.99,98.84,76.55,36.46,99.52,88.67,49.32,42.56
Debagarh ,Odisha,71.76,24.99,69.90,86.17,95.34,69.53,31.26,91.22,76.60,57.47,18.44
Sundargarh ,Odisha,71.98,21.93,65.46,91.47,97.11,74.12,35.58,91.34,80.29,39.34,40.15
Kendujhar ,Odisha,68.16,27.19,47.59,92.91,91.10,66.96,29.54,80.43,69.99,43.26,27.89
Mayurbhanj ,Odisha,62.96,25.98,54.43,80.09,90.34,61.45,25.07,91.68,90.24,46.45,16.12
Baleshwar ,Odisha,77.13,25.03,70.86,98.49,97.14,76.46,38.25,97.58,80.77,40.58,28.43
Bhadrak ,Odisha,81.21,26.79,62.02,100.00,97.80,82.58,36.96,96.06,74.03,44.93,22.85
Kendrapara ,Odisha,84.29,25.09,57.31,99.73,99.54,86.74,42.50,96.66,77.26,49.96,27.91
Jagatsinghapur ,Odisha,84.66,20.39,60.05,99.47,98.24,86.28,46.55,98.31,79.06,56.84,30.49
Cuttack ,Odisha,80.59,21.34,60.22,92.33,98.20,83.15,40.86,98.86,69.47,42.29,45.14
Jajapur ,Odisha,78.65,25.39,47.35,92.02,96.97,78.36,37.98,93.81,74.42,53.92,28.35
Dhenkanal ,Odisha,76.22,25.36,58.20,63.44,96.28,77.05,33.31,94.81,72.76,55.16,28.78
Anugul ,Odisha,73.15,24.49,66.42,76.21,96.69,74.63,33.65,85.71,67.62,63.06,23.80
Nayagarh ,Odisha,76.09,23.07,67.05,82.92,98.32,81.86,27.14,98.29,75.22,49.28,42.27
Khordha ,Odisha,84.41,22.18,73.15,94.63,99.51,85.70,43.20,97.78,70.59,43.15,63.30
Puri ,Odisha,83.33,21.59,67.33,98.52,99.50,87.67,38.09,97.67,83.47,61.45,34.42
Ganjam ,Odisha,68.59,24.61,72.89,89.60,99.28,71.86,32.58,93.01,72.32,51.88,63.73
Gajapati ,Odisha,55.47,28.21,58.26,78.05,94.14,50.52,22.47,76.37,71.18,39.62,28.93
Kandhamal ,Odisha,64.15,29.01,52.38,64.38,96.55,70.32,28.12,93.94,92.42,54.49,24.07
Baudh ,Odisha,68.61,25.91,52.94,92.45,96.33,71.01,29.88,93.36,86.73,44.73,30.85
Subarnapur ,Odisha,74.41,23.51,66.68,94.22,98.69,79.24,37.80,96.08,82.97,45.80,41.57
Balangir ,Odisha,69.26,23.90,66.27,92.88,97.83,69.80,31.40,97.88,90.93,43.98,32.57
Nuapada ,Odisha,60.88,27.22,58.37,97.49,94.58,57.19,27.30,89.80,85.11,45.30,23.23
Kalahandi ,Odisha,62.51,25.78,64.42,96.53,97.19,63.75,26.45,92.75,84.70,48.62,28.89
Rayagada ,Odisha,50.81,30.88,50.45,91.26,96.56,45.07,19.13,68.90,63.53,45.45,30.17
Nabarangapur ,Odisha,52.85,31.80,44.13,99.08,97.35,40.95,15.54,87.56,84.62,48.41,19.02
Koraput ,Odisha,50.63,29.67,39.42,89.45,96.18,41.68,17.63,82.07,79.19,54.58,31.53
Malkangiri ,Odisha,48.86,34.06,41.44,94.71,95.77,41.29,13.96,90.66,89.91,47.00,20.86
Yanam ,Puducherry,80.92,21.83,84.06,100.00,99.84,83.32,51.57,100.00,53.05,29.18,98.55
Puducherry ,Puducherry,83.77,20.05,84.56,100.00,99.97,91.70,67.17,99.54,81.88,31.32,95.01
Mahe ,Puducherry,99.16,16.80,99.77,97.97,99.71,99.69,88.18,100.00,45.63,23.64,90.88
Karaikal ,Puducherry,86.26,21.91,84.29,99.88,99.56,89.63,58.98,99.55,67.22,26.85,81.19
Kapurthala ,Punjab,79.15,21.82,87.66,99.41,99.77,85.30,60.29,95.03,48.06,20.68,84.18
Jalandhar ,Punjab,82.10,21.66,88.24,99.94,99.55,88.10,64.42,92.34,40.76,25.89,82.34
Hoshiarpur ,Punjab,88.95,19.88,89.70,99.92,99.90,92.75,73.17,98.34,50.38,27.67,77.25
Shahid Bhagat Singh Nagar ,Punjab,82.34,20.94,91.25,99.67,100.00,89.94,65.43,99.33,41.71,23.29,76.37
Fatehgarh Sahib ,Punjab,80.12,21.07,87.60,99.71,99.55,87.23,62.34,96.59,54.45,35.08,74.34
Ludhiana ,Punjab,81.43,21.34,84.61,99.87,99.69,85.28,61.55,90.12,48.16,25.24,83.21
Moga ,Punjab,71.98,22.75,87.76,99.21,99.87,76.00,45.17,93.04,64.09,23.65,71.49
Muktsar ,Punjab,68.48,23.18,82.94,97.79,99.53,72.73,39.81,96.39,61.29,23.86,72.90
Faridkot ,Punjab,71.68,23.35,87.51,92.54,99.02,75.30,46.54,94.29,66.26,20.42,79.07
Bathinda ,Punjab,68.67,21.53,88.39,99.10,100.00,72.47,41.06,93.12,60.78,20.12,78.11
Mansa ,Punjab,63.64,23.01,85.41,99.28,99.54,69.39,37.54,88.77,63.78,18.42,52.28
Patiala ,Punjab,76.94,20.16,88.06,99.10,99.74,78.60,56.00,97.25,57.14,33.77,80.38
Amritsar ,Punjab,78.04,22.92,86.00,99.62,99.92,81.68,56.71,95.90,49.09,26.17,82.86
Tarn Taran ,Punjab,68.59,25.83,82.01,95.60,99.65,68.61,40.38,95.97,53.20,24.96,66.21
Rupnagar ,Punjab,81.84,21.50,83.97,98.52,99.80,88.93,63.98,97.76,46.20,37.75,63.92
Sahibzada Ajit Singh Nagar ,Punjab,84.34,20.90,87.61,99.88,99.58,86.73,62.53,97.42,74.65,30.99,88.86
Sangrur ,Punjab,73.49,21.19,92.37,99.69,99.56,79.79,54.40,94.66,58.76,18.70,69.80
Barnala ,Punjab,72.36,21.69,90.66,99.80,99.80,78.75,53.08,96.70,67.33,20.69,73.48
Fazilka ,Punjab,70.81,23.70,81.81,97.26,99.75,72.77,41.27,91.67,53.19,20.57,57.14
Firozpur ,Punjab,72.49,23.71,84.77,95.57,99.64,75.74,47.45,95.53,60.12,21.03,68.61
Gurdaspur ,Punjab,79.01,23.74,85.42,97.56,99.05,84.39,64.55,92.40,47.14,23.47,81.26
Pathankot ,Punjab,82.84,20.88,79.18,98.59,99.93,90.47,74.04,94.80,50.92,26.99,79.84
Ganganagar ,Rajasthan,68.57,24.90,83.42,94.40,96.88,70.96,39.34,97.70,74.00,85.30,45.46
Hanumangarh ,Rajasthan,65.05,25.11,83.79,97.83,98.98,69.72,38.43,94.94,65.71,89.00,36.20
Bikaner ,Rajasthan,64.56,30.23,79.84,94.93,96.12,64.33,30.23,89.99,81.76,87.44,51.35
Churu ,Rajasthan,62.94,28.98,80.15,98.21,96.59,66.04,33.35,87.84,67.37,81.87,40.63
Jhunjhunun ,Rajasthan,66.81,24.82,78.97,98.39,99.04,76.06,45.24,97.12,64.77,86.13,55.50
Alwar ,Rajasthan,63.96,29.36,65.99,97.61,97.83,65.64,35.09,91.27,64.02,80.75,34.90
Bharatpur ,Rajasthan,62.36,31.66,62.66,93.93,98.26,63.05,30.30,92.12,74.56,84.77,24.34
Dhaulpur ,Rajasthan,63.20,34.94,57.47,94.75,97.51,59.91,27.01,94.42,86.09,89.02,36.45
Karauli ,Rajasthan,56.48,32.09,49.94,94.75,98.67,54.82,22.68,97.56,76.90,86.35,24.23
Sawai Madhopur ,Rajasthan,57.39,28.85,71.20,92.48,95.52,57.35,28.34,97.40,83.21,80.54,29.10
Dausa ,Rajasthan,59.40,29.22,59.43,99.37,98.98,62.18,34.58,98.17,74.26,91.21,22.59
Jaipur ,Rajasthan,68.14,25.63,79.58,99.92,99.53,73.75,47.88,97.33,66.98,81.53,60.05
Sikar ,Rajasthan,67.88,27.46,77.91,99.44,99.19,73.26,41.42,95.76,54.80,82.37,58.41
Nagaur ,Rajasthan,62.85,27.60,79.04,96.86,98.99,67.77,32.33,96.96,77.04,90.02,45.68
Jodhpur ,Rajasthan,64.77,30.27,75.44,96.52,98.37,68.18,34.57,90.03,73.94,87.50,56.14
Jaisalmer ,Rajasthan,61.70,32.93,75.74,95.18,97.30,63.53,18.71,90.01,81.11,93.66,30.86
Barmer ,Rajasthan,67.03,31.40,83.62,99.90,95.49,67.64,25.60,93.31,86.00,97.79,26.79
Jalor ,Rajasthan,59.50,31.05,77.38,98.28,98.35,62.62,22.20,95.52,73.67,96.61,36.53
Sirohi ,Rajasthan,59.39,29.53,54.12,93.55,93.93,62.22,25.67,95.71,82.56,91.96,45.96
Pali ,Rajasthan,67.10,27.31,81.81,96.17,99.69,76.33,36.64,98.81,82.35,96.21,53.14
Ajmer ,Rajasthan,67.31,26.73,77.45,98.09,99.93,70.17,40.19,95.11,82.08,88.73,52.86
Tonk ,Rajasthan,54.76,25.90,66.17,90.89,97.78,56.36,27.29,97.37,84.89,84.52,24.08
Bundi ,Rajasthan,57.90,28.38,56.29,95.65,98.41,57.88,27.36,95.25,83.72,87.66,26.45
Bhilwara ,Rajasthan,57.07,29.15,62.25,93.08,99.25,58.06,25.28,95.01,87.42,89.05,26.50
Rajsamand ,Rajasthan,64.24,27.64,72.05,94.81,98.86,69.74,33.94,95.10,84.34,93.22,37.09
Dungarpur ,Rajasthan,64.61,28.82,59.90,94.12,99.42,68.19,32.53,94.11,81.20,97.53,27.26
Banswara ,Rajasthan,55.92,31.67,40.80,95.59,93.11,54.82,28.54,97.70,83.81,84.23,21.13
Chittaurgarh ,Rajasthan,55.28,26.11,63.83,97.61,99.02,57.49,24.84,96.75,85.30,90.55,31.25
Kota ,Rajasthan,74.67,23.92,79.03,99.57,99.43,77.94,44.00,97.87,77.81,80.88,72.30
Baran ,Rajasthan,61.70,28.43,58.98,96.10,98.31,59.74,24.43,97.28,91.42,89.48,39.59
Jhalawar ,Rajasthan,55.63,25.65,62.08,92.42,99.29,56.26,22.35,98.31,92.21,93.63,33.84
Udaipur ,Rajasthan,63.75,27.55,60.28,92.66,98.05,64.22,30.13,96.05,89.39,94.30,34.29
Pratapgarh ,Rajasthan,56.97,30.73,46.28,88.64,96.97,55.36,23.47,96.35,92.28,84.47,23.01
North  District ,Sikkim,78.52,21.00,83.82,94.68,98.87,81.35,37.72,97.33,91.06,24.47,65.92
West District ,Sikkim,81.76,19.21,88.93,89.87,98.83,85.73,43.92,99.33,89.87,19.87,69.80
South District ,Sikkim,80.21,19.93,91.71,93.30,99.56,90.46,45.70,97.41,86.41,20.77,66.54
East District ,Sikkim,86.41,19.31,85.01,93.58,99.38,90.14,53.15,91.83,70.43,29.88,87.59
Thiruvallur ,Tamil Nadu,83.49,21.62,75.58,99.95,99.82,85.90,57.18,100.00,72.33,57.37,93.42
Chennai ,Tamil Nadu,92.71,18.01,90.43,98.72,99.89,96.10,76.72,100.00,60.06,58.23,97.71
Kancheepuram ,Tamil Nadu,84.97,19.19,75.86,99.42,99.42,84.45,56.78,100.00,68.53,59.70,88.06
Vellore ,Tamil Nadu,79.96,22.41,76.20,97.68,99.30,84.72,52.45,99.53,67.64,71.36,85.30
Tiruvannamalai ,Tamil Nadu,75.54,20.94,61.69,98.53,99.04,81.66,50.17,99.05,85.80,69.60,70.74
Viluppuram ,Tamil Nadu,73.64,24.77,53.83,98.37,99.73,77.83,45.72,99.11,84.26,77.56,68.64
Salem ,Tamil Nadu,74.41,20.09,64.51,97.64,99.52,83.16,51.29,100.00,63.72,67.49,84.48
Namakkal ,Tamil Nadu,73.48,17.30,75.23,99.45,99.24,88.93,55.66,100.00,59.81,68.76,89.66
Erode ,Tamil Nadu,73.09,18.18,67.64,98.90,99.60,83.05,57.80,100.00,51.43,77.67,95.90
The Nilgiris ,Tamil Nadu,85.21,19.72,83.58,96.43,98.61,90.62,63.38,100.00,62.20,74.54,81.47
Dindigul ,Tamil Nadu,77.83,24.37,61.04,99.47,98.79,81.01,50.06,96.99,74.55,71.92,76.30
Karur ,Tamil Nadu,73.21,19.12,63.56,99.36,98.69,80.47,51.21,100.00,56.79,74.60,72.46
Tiruchirappalli ,Tamil Nadu,80.72,21.48,67.12,98.08,98.98,84.79,57.09,98.60,65.31,67.75,71.15
Perambalur ,Tamil Nadu,73.10,22.57,57.38,100.00,99.07,82.98,48.97,100.00,69.54,75.53,75.13
Ariyalur ,Tamil Nadu,73.47,22.39,54.64,93.19,98.22,77.44,50.70,100.00,72.05,71.13,46.69
Cuddalore ,Tamil Nadu,76.76,22.92,61.32,99.49,99.16,80.46,50.13,99.17,72.50,64.40,75.61
Nagapattinam ,Tamil Nadu,79.15,20.82,69.57,100.00,98.97,89.25,53.73,99.65,69.03,70.85,59.03
Thiruvarur ,Tamil Nadu,84.85,19.62,71.02,100.00,98.60,91.21,57.47,100.00,62.73,75.24,58.94
Thanjavur ,Tamil Nadu,80.59,19.58,79.62,99.67,98.84,86.37,54.33,100.00,59.48,70.63,69.42
Pudukkottai ,Tamil Nadu,74.71,23.72,55.21,95.71,98.85,83.71,52.20,100.00,68.56,72.91,42.01
Sivaganga ,Tamil Nadu,78.77,21.76,74.39,96.47,99.42,88.03,59.92,100.00,73.33,67.72,75.15
Madurai ,Tamil Nadu,83.93,19.92,80.05,98.71,98.91,87.30,58.55,100.00,70.02,66.29,91.18
Theni ,Tamil Nadu,80.88,23.77,74.43,99.88,99.40,86.94,56.93,100.00,81.66,67.35,89.94
Virudhunagar ,Tamil Nadu,80.47,21.36,59.78,97.41,99.52,85.25,53.52,97.77,66.31,51.27,90.51
Ramanathapuram ,Tamil Nadu,80.29,24.41,78.62,93.89,99.30,86.06,53.73,99.63,72.52,69.74,82.73
Thoothukkudi ,Tamil Nadu,86.64,20.89,79.42,96.97,100.00,90.28,59.52,100.00,59.09,57.78,90.67
Tirunelveli ,Tamil Nadu,84.42,22.05,79.78,98.08,99.51,87.34,54.18,100.00,47.22,61.27,87.86
Kanniyakumari ,Tamil Nadu,92.89,20.79,96.18,98.19,99.84,97.99,77.10,100.00,39.35,64.10,74.38
Dharmapuri ,Tamil Nadu,72.55,23.78,72.35,98.72,99.41,80.58,54.41,99.59,73.02,75.45,82.47
Krishnagiri ,Tamil Nadu,72.57,24.21,75.94,99.77,99.16,79.86,53.86,99.60,75.91,73.58,86.00
Coimbatore ,Tamil Nadu,84.15,19.25,78.45,99.90,99.42,90.57,62.80,100.00,60.09,60.99,95.45
Tiruppur ,Tamil Nadu,75.81,17.79,75.88,99.79,99.45,87.49,55.09,100.00,61.03,59.86,95.40
Adilabad ,Telangana,58.64,24.81,50.84,95.65,99.17,64.84,41.04,94.11,66.83,63.62,81.59
Bhadradri Kothagudem ,Telangana,62.65,19.51,75.33,99.06,99.37,68.71,41.78,97.37,53.85,59.37,89.16
Hyderabad ,Telangana,80.26,22.98,84.43,99.56,99.92,83.55,63.16,98.32,48.27,48.90,99.54
Jagitial ,Telangana,55.86,24.05,76.49,97.33,99.29,62.39,43.46,94.43,39.81,59.22,94.72
Jangoan ,Telangana,56.58,19.12,84.34,99.37,99.28,65.51,44.04,99.56,49.63,71.68,91.09
Jayashankar Bhupalapally ,Telangana,52.39,18.53,65.58,95.14,99.33,58.92,36.33,99.49,61.32,71.47,90.31
Jogulamba Gadwal ,Telangana,47.77,26.82,73.73,96.98,99.79,45.04,27.41,94.15,46.46,61.75,86.10
Kamareddy ,Telangana,51.10,23.43,68.18,99.37,99.45,58.56,35.62,97.05,59.09,66.50,82.30
Karimnagar ,Telangana,63.59,20.07,78.83,98.27,99.69,70.26,50.80,98.36,34.15,58.57,94.87
Khammam ,Telangana,61.79,18.97,84.48,98.41,99.70,66.30,40.88,97.92,39.01,60.36,97.11
Komaram Bheem Asifabad ,Telangana,52.92,23.65,54.03,93.55,97.83,51.67,28.73,82.03,55.73,63.55,85.76
Mahabubabad ,Telangana,55.01,21.81,68.55,98.23,99.62,58.04,34.70,97.65,41.52,69.26,86.58
Mahabubnagar ,Telangana,54.77,27.79,73.72,99.64,99.38,59.59,40.35,98.10,59.17,70.27,85.89
Mancherial ,Telangana,58.44,19.45,78.14,95.62,99.64,69.45,48.75,90.07,33.94,64.40,93.05
Medak ,Telangana,52.26,23.43,78.16,99.87,99.37,57.71,39.33,98.87,62.19,61.19,80.13
Medchal-Malkajgiri ,Telangana,72.94,23.14,86.17,99.94,100.00,79.52,59.33,98.26,39.43,53.75,98.99
Nagarkurnool ,Telangana,51.14,23.79,73.15,99.60,99.91,57.09,35.97,98.02,56.18,68.61,87.32
Nalgonda ,Telangana,59.79,23.88,76.36,99.24,99.88,62.60,40.90,98.27,57.37,64.79,94.60
Nirmal ,Telangana,53.29,22.68,63.63,98.30,99.46,58.58,40.91,96.65,31.32,49.93,88.83
Nizamabad ,Telangana,54.33,23.66,72.54,99.42,99.88,63.07,42.44,97.30,46.44,52.31,92.36
Peddapalli ,Telangana,61.27,18.13,77.81,97.98,99.54,73.70,46.63,96.47,45.83,59.14,96.58
Rajanna Sircilla ,Telangana,56.38,21.25,77.42,98.69,99.82,64.70,46.35,97.55,37.68,62.81,96.63
Ranga Reddy ,Telangana,68.57,24.06,81.10,99.41,99.74,72.13,51.44,97.17,48.19,58.29,97.00
Sangareddy ,Telangana,60.19,24.52,68.01,99.35,99.55,63.63,41.47,92.96,63.21,58.14,81.06
Siddipet ,Telangana,60.80,22.03,84.14,97.24,99.54,70.96,51.30,99.65,47.32,60.93,93.15
Suryapet ,Telangana,57.44,18.86,77.94,99.78,99.43,63.48,42.53,95.94,40.54,63.13,94.54
Vikarabad ,Telangana,53.07,24.86,66.72,99.73,99.06,59.32,38.34,95.01,54.90,59.56,75.98
Wanaparthy ,Telangana,49.34,24.75,75.86,99.42,99.23,52.05,37.01,98.95,51.39,70.14,88.88
Warangal Rural ,Telangana,51.84,17.25,74.34,98.96,99.70,60.14,39.98,100.00,63.12,71.98,87.77
Warangal Urban ,Telangana,70.26,20.20,81.20,99.13,99.62,76.91,57.16,99.70,41.90,61.99,94.55
Yadadri Bhuvanagiri ,Telangana,59.13,23.04,81.94,99.73,99.57,68.38,47.95,97.68,54.92,65.25,94.87
Dhalai ,Tripura,74.84,27.16,67.56,70.30,97.73,71.63,13.87,87.26,84.46,44.20,33.95
Gomati ,Tripura,80.06,24.15,77.44,87.66,98.75,77.15,22.77,93.20,89.97,29.94,47.71
Khowai ,Tripura,81.27,23.53,67.79,83.19,98.97,80.46,18.87,95.72,90.70,44.14,41.48
North Tripura ,Tripura,86.36,26.20,74.13,75.58,96.21,83.12,23.68,85.36,65.19,28.65,41.60
Sepahijala ,Tripura,78.85,23.43,75.38,97.38,98.96,79.61,21.73,87.73,81.73,31.60,37.11
South Tripura ,Tripura,80.43,24.51,68.61,90.51,95.88,80.25,21.64,89.72,80.93,37.28,29.44
Unakoti ,Tripura,81.57,27.41,61.75,78.56,96.39,76.35,18.70,71.50,55.39,28.01,29.19
West Tripura ,Tripura,85.31,20.15,80.21,98.49,99.82,86.19,30.90,95.27,79.75,28.12,65.16
Saharanpur ,Uttar Pradesh,69.29,28.51,83.80,99.73,98.32,73.79,38.23,81.65,53.53,11.79,56.58
Bijnor ,Uttar Pradesh,69.64,30.74,78.21,99.71,96.14,74.11,39.66,83.69,30.59,18.82,45.80
Rampur ,Uttar Pradesh,57.56,31.08,79.01,100.00,96.21,59.33,26.87,81.01,44.73,13.07,46.18
Jyotiba Phule Nagar ,Uttar Pradesh,63.72,32.53,78.85,99.68,96.35,64.39,35.39,81.06,31.29,8.30,45.43
Meerut ,Uttar Pradesh,73.99,30.32,82.65,99.72,98.62,80.17,47.32,80.61,25.72,18.38,68.47
Baghpat ,Uttar Pradesh,71.62,29.78,87.01,99.85,98.54,78.13,43.97,80.86,44.03,12.45,51.47
Gautam Buddha Nagar ,Uttar Pradesh,78.04,28.52,74.01,99.89,99.41,80.60,51.89,86.58,32.43,23.76,75.04
Bulandshahr ,Uttar Pradesh,67.74,31.31,81.45,100.00,96.25,72.11,37.75,83.50,49.10,20.53,48.40
Aligarh ,Uttar Pradesh,67.95,32.10,69.39,100.00,95.31,68.71,37.48,82.58,49.23,17.61,51.42
Mahamaya Nagar ,Uttar Pradesh,67.87,31.89,73.27,98.98,94.94,68.66,39.06,80.31,53.96,10.91,46.45
Mathura ,Uttar Pradesh,68.39,32.68,71.22,98.44,98.18,67.93,34.66,79.48,36.85,10.77,47.34
Agra ,Uttar Pradesh,69.40,30.47,70.78,99.77,99.06,64.97,36.14,89.08,42.98,9.40,67.51
Firozabad ,Uttar Pradesh,72.45,31.89,69.01,99.42,96.30,74.35,42.44,80.07,56.35,13.40,53.50
Mainpuri ,Uttar Pradesh,74.56,30.86,63.10,99.59,95.15,78.35,45.78,82.65,59.70,16.13,39.79
Bareilly ,Uttar Pradesh,55.75,31.28,79.71,100.00,92.45,54.71,22.07,75.05,40.28,18.67,54.56
Pilibhit ,Uttar Pradesh,60.14,29.59,76.81,100.00,86.83,59.31,28.47,76.19,50.17,21.40,48.05
Shahjahanpur ,Uttar Pradesh,63.16,34.40,69.21,100.00,84.05,59.47,27.73,63.25,47.75,14.24,40.40
Kheri ,Uttar Pradesh,66.32,32.44,65.61,99.92,84.15,61.99,28.71,82.77,68.02,22.01,35.91
Sitapur ,Uttar Pradesh,64.96,33.61,52.51,99.70,68.35,59.16,23.90,84.81,70.39,23.22,31.48
Hardoi ,Uttar Pradesh,64.55,32.38,55.72,99.90,70.98,59.30,26.47,73.93,61.33,16.03,28.97
Unnao ,Uttar Pradesh,68.99,28.14,60.29,98.48,75.36,68.18,36.99,80.84,62.64,15.33,43.44
Lucknow ,Uttar Pradesh,80.75,23.47,80.43,99.75,96.82,79.80,51.87,91.32,47.20,15.76,78.26
Farrukhabad ,Uttar Pradesh,67.07,32.66,72.63,99.65,91.81,65.09,33.33,69.29,48.84,13.48,45.50
Kannauj ,Uttar Pradesh,71.26,32.72,70.10,99.85,87.30,68.25,37.31,76.41,56.47,15.32,35.47
Etawah ,Uttar Pradesh,74.61,29.41,78.05,99.49,95.66,79.66,45.68,85.21,70.07,17.94,48.63
Auraiya ,Uttar Pradesh,75.88,29.26,74.30,99.49,94.01,79.26,46.20,90.11,72.83,18.44,33.69
Kanpur Dehat ,Uttar Pradesh,73.90,27.85,70.59,99.40,79.75,75.56,45.41,84.30,69.18,17.92,39.26
Kanpur Nagar ,Uttar Pradesh,80.41,24.47,77.51,98.78,89.25,82.70,58.51,86.61,60.27,16.12,76.86
Jalaun ,Uttar Pradesh,71.92,26.01,80.17,98.95,96.85,70.98,38.90,85.13,70.00,17.60,36.45
Jhansi ,Uttar Pradesh,71.05,24.73,73.18,96.83,95.16,72.45,43.26,92.89,75.58,11.37,51.91
Lalitpur ,Uttar Pradesh,66.79,31.70,64.19,96.55,94.05,61.33,23.78,90.79,86.64,11.74,20.32
Hamirpur ,Uttar Pradesh,70.77,28.22,77.70,99.40,94.61,73.23,37.61,96.28,87.96,21.91,29.00
Mahoba ,Uttar Pradesh,65.24,28.37,68.95,94.28,95.93,69.65,30.69,96.32,87.56,16.23,28.17
Banda ,Uttar Pradesh,61.77,30.63,59.29,98.22,89.17,62.61,27.08,89.78,85.86,13.25,26.82
Chitrakoot ,Uttar Pradesh,63.76,31.26,56.65,96.99,91.99,62.11,30.17,81.06,75.03,17.36,31.17
Fatehpur ,Uttar Pradesh,63.43,29.03,63.10,98.79,76.83,66.45,37.27,81.36,64.60,16.83,38.85
Pratapgarh ,Uttar Pradesh,67.19,29.03,52.01,97.82,92.46,77.73,49.69,90.82,62.58,14.90,37.12
Kaushambi ,Uttar Pradesh,63.22,34.89,59.60,98.34,78.74,61.99,31.93,88.64,72.31,20.16,37.03
Allahabad ,Uttar Pradesh,70.58,31.54,59.50,95.79,94.97,70.84,47.56,83.19,52.63,20.55,45.05
Bara Banki ,Uttar Pradesh,65.09,32.61,62.40,98.84,74.80,61.13,29.50,75.98,63.05,14.63,47.77
Faizabad ,Uttar Pradesh,71.13,29.06,64.40,100.00,90.34,77.70,48.99,89.11,63.34,19.81,41.32
Ambedkar Nagar ,Uttar Pradesh,71.64,29.15,63.55,100.00,94.15,78.51,52.95,92.17,49.82,23.00,32.20
Bahraich ,Uttar Pradesh,48.21,41.02,44.16,100.00,77.75,41.64,14.43,67.67,58.64,10.11,38.20
Shrawasti ,Uttar Pradesh,47.00,40.15,58.10,99.26,73.65,40.75,15.93,80.42,75.27,13.49,36.94
Balrampur ,Uttar Pradesh,53.06,38.92,59.65,99.77,78.37,44.94,16.80,69.71,57.98,12.99,39.61
Gonda ,Uttar Pradesh,61.73,32.43,44.57,100.00,88.93,60.39,31.46,81.77,66.92,13.37,56.17
Siddharthnagar ,Uttar Pradesh,57.67,40.97,42.81,99.87,90.73,49.14,16.99,69.74,62.90,12.17,50.55
Basti ,Uttar Pradesh,64.36,31.74,64.15,100.00,94.62,65.27,40.92,93.18,79.18,15.84,57.01
Sant Kabir Nagar ,Uttar Pradesh,63.78,34.59,65.12,99.92,93.95,62.70,34.77,90.59,79.45,20.38,58.09
Mahrajganj ,Uttar Pradesh,62.42,32.37,66.73,100.00,94.82,64.13,33.78,93.26,77.45,18.16,65.06
Gorakhpur ,Uttar Pradesh,67.59,30.53,69.63,99.78,94.85,70.14,42.81,91.59,72.47,17.94,66.80
Kushinagar ,Uttar Pradesh,63.68,34.90,73.08,100.00,91.49,64.41,34.09,89.43,71.09,15.63,55.19
Deoria ,Uttar Pradesh,69.04,30.28,69.09,99.81,95.25,73.70,50.37,93.42,76.41,10.51,67.20
Azamgarh ,Uttar Pradesh,71.15,29.34,72.76,100.00,96.47,78.90,52.60,93.23,44.67,9.00,37.57
Mau ,Uttar Pradesh,68.80,27.17,75.09,99.80,94.24,74.44,53.13,94.74,58.93,15.97,54.15
Ballia ,Uttar Pradesh,68.14,29.02,61.66,99.82,89.12,73.30,50.11,89.96,73.91,10.59,53.79
Jaunpur ,Uttar Pradesh,69.94,29.33,62.62,99.08,98.17,77.28,52.67,88.77,72.39,12.02,55.24
Ghazipur ,Uttar Pradesh,69.65,29.61,64.05,99.32,91.77,75.84,51.43,88.32,71.07,10.64,39.31
Chandauli ,Uttar Pradesh,68.79,30.51,66.70,97.49,91.86,73.85,47.16,86.24,53.41,28.05,42.34
Varanasi ,Uttar Pradesh,74.08,27.31,83.19,98.41,97.16,80.61,55.02,95.17,58.66,12.78,71.53
Sant Ravidas Nagar (Bhadohi) ,Uttar Pradesh,67.34,33.68,68.76,96.73,96.48,72.57,46.45,90.30,47.83,18.81,39.91
Mirzapur ,Uttar Pradesh,69.03,31.88,72.33,96.94,92.67,73.39,43.79,91.09,62.12,15.00,42.51
Sonbhadra ,Uttar Pradesh,62.09,31.79,70.56,89.58,82.87,64.80,35.69,76.76,56.76,19.66,30.44
Etah ,Uttar Pradesh,67.99,33.15,62.72,99.82,87.98,70.80,38.77,76.69,50.52,12.78,39.62
Kanshiram Nagar ,Uttar Pradesh,62.20,35.51,69.78,99.36,87.22,60.60,29.66,74.81,46.62,15.08,36.63
Amethi ,Uttar Pradesh,66.09,32.12,60.90,98.67,92.32,67.28,34.55,90.76,71.28,20.91,26.39
Budaun ,Uttar Pradesh,54.92,35.34,69.66,99.83,80.66,52.39,21.56,72.31,57.41,13.55,39.84
Ghaziabad ,Uttar Pradesh,78.93,24.89,84.51,99.13,99.92,81.78,55.23,86.44,40.69,20.00,92.40
Hapur ,Uttar Pradesh,71.82,31.38,85.61,99.88,98.81,75.29,43.53,83.33,34.73,14.85,67.99
Moradabad ,Uttar Pradesh,67.60,29.38,78.99,99.80,96.04,69.41,42.58,80.26,40.00,17.07,58.28
Muzaffarnagar ,Uttar Pradesh,69.10,30.36,80.12,99.90,97.81,73.41,41.83,86.99,45.00,8.20,59.76
Rae Bareli ,Uttar Pradesh,66.43,30.42,54.96,98.07,88.85,66.45,36.13,89.51,78.50,16.84,39.41
Sambhal ,Uttar Pradesh,55.96,35.47,72.82,100.00,91.92,52.57,24.14,74.24,45.08,13.72,38.16
Shamli ,Uttar Pradesh,62.69,31.26,83.32,99.85,98.70,65.82,32.60,78.29,54.32,14.75,53.58
Sultanpur ,Uttar Pradesh,68.91,31.43,65.08,99.51,94.25,74.94,46.58,86.96,67.96,20.65,33.68
Uttarkashi ,Uttarakhand,69.02,24.95,75.73,96.13,99.56,81.23,53.58,85.87,77.01,80.29,32.56
Chamoli ,Uttarakhand,79.09,26.09,87.59,94.43,99.45,90.45,58.95,73.94,67.25,71.12,37.44
Rudraprayag ,Uttarakhand,72.95,25.02,86.82,93.89,99.46,87.17,56.36,86.62,81.02,76.64,35.07
Tehri Garhwal ,Uttarakhand,62.20,25.73,84.57,84.09,99.90,75.54,50.79,82.15,59.31,71.17,34.88
Dehradun ,Uttarakhand,82.90,23.09,83.92,98.95,99.65,87.59,62.59,91.73,49.36,67.31,88.79
Garhwal ,Uttarakhand,75.49,23.01,83.30,83.50,99.43,85.83,56.18,76.02,59.39,62.66,48.13
Pithoragarh ,Uttarakhand,79.67,22.17,84.46,90.92,99.64,89.10,55.48,84.89,79.98,72.84,45.91
Bageshwar ,Uttarakhand,73.92,24.60,88.47,92.03,99.82,87.78,52.22,82.01,75.10,71.93,34.59
Almora ,Uttarakhand,72.29,23.16,89.23,93.31,99.88,88.02,48.03,80.10,69.44,65.98,35.85
Champawat ,Uttarakhand,75.89,27.58,82.68,95.39,99.55,84.73,50.99,79.84,51.76,65.67,39.81
Nainital ,Uttarakhand,80.27,25.79,82.40,92.98,99.05,85.40,55.20,81.23,56.43,60.79,71.56
Udham Singh Nagar ,Uttarakhand,70.46,27.87,70.88,99.91,99.59,72.26,41.11,85.14,51.00,59.03,63.99
Hardwar ,Uttarakhand,73.91,31.04,69.82,99.59,99.70,76.39,40.29,79.84,37.87,46.64,61.53
Darjiling ,West Bengal,78.28,20.69,83.03,90.81,98.18,76.99,41.28,98.35,79.53,26.31,68.79
Jalpaiguri ,West Bengal,73.73,22.61,73.17,95.20,97.41,73.60,33.92,95.84,83.22,35.78,42.70
Koch Bihar ,West Bengal,75.72,24.98,75.71,99.33,98.19,79.18,26.67,93.03,81.30,35.95,25.68
Uttar Dinajpur ,West Bengal,68.10,29.22,63.78,99.77,96.89,65.35,29.32,76.89,58.87,20.96,27.21
Dakshin Dinajpur ,West Bengal,77.74,23.36,79.03,99.73,96.54,74.31,30.47,91.40,81.22,28.25,28.70
Maldah ,West Bengal,71.34,30.15,61.98,99.04,98.13,72.25,30.02,87.68,76.55,28.96,29.60
Murshidabad ,West Bengal,74.66,29.32,69.66,99.10,96.66,67.55,24.16,86.99,71.51,28.39,30.71
Birbhum ,West Bengal,73.63,25.66,55.04,99.38,97.78,70.79,25.76,90.31,72.71,37.67,28.13
Nadia ,West Bengal,77.55,21.49,78.40,98.22,98.17,76.15,28.25,97.73,54.22,23.03,34.22
North Twenty Four Pargana ,West Bengal,82.38,20.62,80.39,99.50,99.54,85.53,40.69,97.46,74.42,30.73,58.87
Hugli ,West Bengal,81.04,19.90,76.22,98.14,98.40,77.40,36.96,96.95,67.86,26.49,54.60
Bankura ,West Bengal,68.66,22.56,49.20,96.26,92.34,68.30,27.93,93.28,83.29,43.43,20.82
Puruliya ,West Bengal,63.55,25.36,29.24,87.57,88.58,60.95,26.87,89.76,82.66,35.58,23.17
Haora ,West Bengal,82.03,21.19,72.93,99.52,98.97,80.48,40.07,95.54,60.76,20.07,61.91
Kolkata ,West Bengal,87.22,15.98,60.87,99.25,99.59,87.60,55.35,97.47,69.90,21.08,91.71
South Twenty Four Pargana ,West Bengal,80.93,25.49,70.08,100.00,99.24,85.59,34.94,91.04,77.66,36.72,36.19
Paschim Medinipur ,West Bengal,72.10,23.43,58.33,95.53,95.41,70.85,26.19,87.58,72.00,25.75,17.46
Purba Medinipur ,West Bengal,83.04,23.85,69.78,87.79,98.97,77.00,30.87,91.48,71.46,21.53,17.01
Paschim Barddhaman ,West Bengal,74.84,22.32,71.46,95.21,97.00,73.45,37.12,89.79,62.71,21.82,56.29
Purba Barddhaman ,West Bengal,71.15,22.21,64.15,99.13,96.76,73.19,27.32,95.95,70.32,37.18,32.05
