scheme_name,ministry,category_tag,min_age,max_age,max_annual_income,eligible_category,gender,occupation,bpl_required,disability_required,state_specific,benefit_summary,official_link
PM-KISAN,Ministry of Agriculture & Farmers Welfare,Agriculture,18,,,All,All,Farmer (landholding),No,No,All States,Rs 6000/year income support in 3 installments to landholding farmer families,https://pmkisan.gov.in
Ayushman Bharat PMJAY,Ministry of Health & Family Welfare,Health,0,,500000,All,All,Any,Yes,No,All States (except a few opt-out states),Health cover of Rs 5 lakh per family per year for secondary/tertiary hospitalisation,https://pmjay.gov.in
Pradhan Mantri Awas Yojana - Gramin,Ministry of Rural Development,Housing,18,,,All,All,Any,Yes,No,All States,Financial assistance to build pucca house for rural BPL/houseless families,https://pmayg.nic.in
Pradhan Mantri Awas Yojana - Urban,Ministry of Housing & Urban Affairs,Housing,18,,1800000,All,All,Any,No,No,All States,Interest subsidy / assistance for affordable urban housing (EWS/LIG/MIG),https://pmay-urban.gov.in
Pradhan Mantri Ujjwala Yojana,Ministry of Petroleum & Natural Gas,Utility & Sanitation,18,,,SC/ST/OBC/General-BPL,Female,Any,Yes,No,All States,Free LPG gas connection to women from BPL households,https://pmuy.gov.in
Sukanya Samriddhi Yojana,Ministry of Finance,Women & Child,0,10,,All,Female,Any,No,No,All States,High-interest savings scheme for girl child until age 21,https://www.nsiindia.gov.in
Pradhan Mantri Matru Vandana Yojana,Ministry of Women & Child Development,Women & Child,19,,,All,Female,Any,No,No,All States,Rs 5000 cash incentive to pregnant/lactating women for first live birth,https://pmmvy.wcd.gov.in
Pradhan Mantri Jeevan Jyoti Bima Yojana,Ministry of Finance,Banking & Insurance,18,50,,All,All,Any,No,No,All States,Rs 2 lakh life insurance cover at Rs 436/year premium,https://jansuraksha.gov.in
Pradhan Mantri Suraksha Bima Yojana,Ministry of Finance,Banking & Insurance,18,70,,All,All,Any,No,No,All States,Rs 2 lakh accidental death/disability cover at Rs 20/year premium,https://jansuraksha.gov.in
Atal Pension Yojana,Ministry of Finance,Banking & Insurance,18,40,,All,All,Any,No,No,All States,Guaranteed monthly pension of Rs 1000-5000 after age 60,https://npscra.nsdl.co.in
Pradhan Mantri Mudra Yojana,Ministry of Finance,Business & Entrepreneurship,18,,,All,All,Small/micro entrepreneur,No,No,All States,Collateral-free loans up to Rs 10 lakh for non-corporate small business,https://www.mudra.org.in
Stand-Up India,Ministry of Finance,Business & Entrepreneurship,18,,,SC/ST/Woman,All,Entrepreneur,No,No,All States,Bank loans Rs 10 lakh-1 crore for greenfield SC/ST/women enterprises,https://www.standupmitra.in
PM Employment Generation Programme (PMEGP),Ministry of MSME,Skills & Employment,18,,,All,All,Unemployed/entrepreneur,No,No,All States,Subsidy-linked loans to set up new micro-enterprises,https://www.kviconline.gov.in/pmegpeportal
Indira Gandhi National Old Age Pension Scheme,Ministry of Rural Development,Social Welfare,60,,,All,All,Any,Yes,No,All States,Monthly pension of Rs 200-500+ for BPL elderly citizens,https://nsap.nic.in
National Family Benefit Scheme,Ministry of Rural Development,Social Welfare,18,,,All,All,Any,Yes,No,All States,One-time Rs 20000 assistance to BPL family on death of primary earner,https://nsap.nic.in
Indira Gandhi National Disability Pension Scheme,Ministry of Rural Development,Social Welfare,18,79,,All,All,Any,Yes,Yes,All States,Monthly pension for BPL persons with 80%+ disability,https://nsap.nic.in
National Scholarship - Post Matric SC,Ministry of Social Justice & Empowerment,Education & Learning,15,,250000,SC,All,Student,No,No,All States,Full tuition + maintenance allowance for SC post-matric students,https://scholarships.gov.in
National Scholarship - Post Matric OBC,Ministry of Social Justice & Empowerment,Education & Learning,15,,150000,OBC,All,Student,No,No,All States,Tuition + maintenance allowance for OBC post-matric students,https://scholarships.gov.in
National Scholarship - Post Matric ST,Ministry of Tribal Affairs,Education & Learning,15,,250000,ST,All,Student,No,No,All States,Full tuition + maintenance allowance for ST post-matric students,https://scholarships.gov.in
Pradhan Mantri Fasal Bima Yojana,Ministry of Agriculture & Farmers Welfare,Agriculture,18,,,All,All,Farmer,No,No,All States,Crop insurance against yield loss from natural calamities,https://pmfby.gov.in
Kisan Credit Card,Ministry of Agriculture & Farmers Welfare,Banking & Insurance,18,,,All,All,Farmer,No,No,All States,Short-term credit for cultivation/allied activities at subsidised interest,https://pmkisan.gov.in
Pradhan Mantri Vaya Vandana Yojana,Ministry of Finance,Banking & Insurance,60,,,All,All,Senior citizen,No,No,All States,Guaranteed pension scheme for senior citizens via LIC,https://licindia.in
Beti Bachao Beti Padhao,Ministry of Women & Child Development,Women & Child,0,,,All,Female,Any,No,No,All States,Awareness + welfare services to improve child sex ratio and girl education,https://wcd.nic.in
PM Surya Ghar Muft Bijli Yojana,Ministry of New & Renewable Energy,Utility & Sanitation,18,,,All,All,Homeowner,No,No,All States,Subsidy for rooftop solar + up to 300 units free electricity/month,https://pmsuryaghar.gov.in
Deen Dayal Antyodaya Yojana - NRLM,Ministry of Rural Development,Skills & Employment,18,,,All,Female,Rural woman,Yes,No,All States,Self-help group formation + livelihood support for rural poor women,https://aajeevika.gov.in
Pradhan Mantri Jan Dhan Yojana,Ministry of Finance,Banking & Insurance,10,,,All,All,Any,No,No,All States,Zero-balance bank account with RuPay card and accident insurance,https://pmjdy.gov.in
Pradhan Mantri Vishwakarma Yojana,Ministry of MSME,Skills & Employment,18,,,Traditional artisan/craftsperson,All,Artisan,No,No,All States,Toolkit incentive + collateral-free loans for traditional artisans,https://pmvishwakarma.gov.in
National Means-cum-Merit Scholarship,Ministry of Education,Education & Learning,13,16,150000,All,All,Student,No,No,All States,Scholarship for meritorious students from economically weaker sections (class 9-12),https://scholarships.gov.in
Rashtriya Vayoshri Yojana,Ministry of Social Justice & Empowerment,Health,60,,,All,All,Senior citizen,Yes,No,All States,Free assisted-living devices (walking sticks and hearing aids) for BPL elderly,https://socialjustice.gov.in
Mahatma Gandhi NREGA,Ministry of Rural Development,Skills & Employment,18,,,All,All,Rural unskilled worker,No,No,All States,Legal guarantee of 100 days wage employment per rural household per year,https://nrega.nic.in
